0.02,216.0,0.237,100,10,0.0,[7, 6, 0, 2, 3, 8, 9, 1, 5, 4]
0.06,157.0,0.112,100,10,0.1,[2, 6, 7, 0, 8, 3, 5, 4, 9, 1]
0.04,182.0,0.151,100,10,0.2,[2, 4, 6, 8, 7, 9, 1, 3, 0, 5]
0.02,211.0,0.272,100,10,0.3,[2, 4, 7, 6, 8, 5, 0, 3, 9, 1]
0.01,220.0,0.354,100,10,0.4,[4, 7, 2, 6, 0, 8, 9, 3, 5, 1]
0.01,178.0,0.418,100,10,0.5,[4, 7, 6, 2, 8, 3, 1, 9, 0, 5]
0.01,245.0,0.452,100,10,0.6,[2, 4, 7, 6, 8, 9, 5, 1, 0, 3]
0.01,242.0,0.512,100,10,0.7,[2, 4, 7, 6, 0, 3, 5, 1, 9, 8]
0.01,218.0,0.573,100,10,0.8,[2, 4, 0, 3, 8, 1, 9, 7, 5, 6]
0,312.0,0.666,100,10,0.9,[2, 4, 7, 6, 0, 3, 8, 9, 5, 1]
0.28,104.0,0.034,100,20,0.0,[0, 8, 9, 3, 2, 7, 5, 4, 6, 1]
0.29,128.0,0.027,100,20,0.1,[4, 7, 3, 2, 5, 9, 6, 1, 8, 0]
0.41,104.0,0.023,100,20,0.2,[2, 6, 5, 3, 8, 0, 9, 4, 7, 1]
0.28,118.0,0.03,100,20,0.3,[7, 3, 4, 8, 6, 2, 5, 0, 1, 9]
0.27,105.0,0.035,100,20,0.4,[6, 8, 7, 5, 1, 0, 4, 9, 3, 2]
0.24,146.0,0.028,100,20,0.5,[7, 6, 3, 2, 8, 1, 4, 5, 9, 0]
0.32,103.0,0.031,100,20,0.6,[6, 0, 7, 2, 5, 3, 9, 1, 8, 4]
0.16,133.0,0.046,100,20,0.7,[2, 6, 8, 3, 9, 4, 7, 0, 1, 5]
0.31,99.0,0.033,100,20,0.8,[2, 4, 8, 3, 7, 6, 1, 5, 9, 0]
0.11,179.0,0.052,100,20,0.9,[7, 6, 3, 4, 9, 5, 8, 0, 1, 2]
0.59,60.0,0.028,100,30,0.0,[8, 7, 0, 5, 1, 2, 4, 6, 3, 9]
1.55,24.0,0.027,100,30,0.1,[5, 2, 9, 1, 7, 0, 8, 6, 4, 3]
0.77,51.0,0.025,100,30,0.2,[3, 7, 1, 6, 0, 9, 2, 5, 4, 8]
0.45,74.0,0.03,100,30,0.3,[0, 4, 3, 2, 5, 8, 1, 6, 9, 7]
0.43,86.0,0.027,100,30,0.4,[4, 0, 5, 3, 2, 8, 7, 9, 1, 6]
0.53,64.0,0.03,100,30,0.5,[4, 2, 8, 6, 3, 7, 0, 1, 9, 5]
0.39,102.0,0.025,100,30,0.6,[2, 7, 5, 9, 0, 1, 4, 8, 6, 3]
1.66,24.0,0.025,100,30,0.7,[5, 8, 7, 6, 3, 0, 9, 4, 1, 2]
0.56,68.0,0.026,100,30,0.8,[0, 9, 3, 2, 7, 4, 5, 8, 1, 6]
0.53,63.0,0.03,100,30,0.9,[6, 2, 1, 8, 4, 0, 7, 9, 5, 3]
0.94,42.0,0.025,100,40,0.0,[1, 5, 0, 3, 4, 7, 2, 9, 8, 6]
1.81,24.0,0.023,100,40,0.1,[5, 4, 7, 3, 1, 9, 2, 8, 0, 6]
0.45,69.0,0.032,100,40,0.2,[6, 5, 2, 0, 3, 9, 8, 1, 7, 4]
0.64,61.0,0.026,100,40,0.3,[7, 2, 1, 0, 6, 3, 9, 8, 4, 5]
0.71,69.0,0.02,100,40,0.4,[2, 9, 6, 4, 1, 5, 0, 3, 7, 8]
0.72,60.0,0.023,100,40,0.5,[8, 7, 2, 0, 5, 3, 4, 6, 1, 9]
0.72,61.0,0.023,100,40,0.6,[7, 1, 8, 2, 6, 9, 5, 0, 3, 4]
0.55,69.0,0.026,100,40,0.7,[2, 9, 4, 6, 1, 8, 5, 0, 7, 3]
0.67,58.0,0.026,100,40,0.8,[0, 7, 4, 3, 5, 8, 6, 2, 1, 9]
0.49,60.0,0.034,100,40,0.9,[8, 5, 3, 6, 2, 7, 1, 4, 9, 0]
1.06,30.0,0.032,100,50,0.0,[1, 7, 5, 6, 8, 3, 0, 2, 4, 9]
1.36,30.0,0.024,100,50,0.1,[1, 8, 5, 7, 3, 9, 2, 0, 6, 4]
0.79,57.0,0.022,100,50,0.2,[3, 0, 6, 7, 4, 5, 1, 9, 2, 8]
0.57,87.0,0.02,100,50,0.3,[6, 4, 7, 1, 5, 9, 2, 3, 0, 8]
1.51,33.0,0.02,100,50,0.4,[3, 4, 7, 8, 6, 0, 1, 9, 2, 5]
0.46,76.0,0.029,100,50,0.5,[0, 2, 1, 5, 4, 8, 9, 7, 3, 6]
0.48,67.0,0.031,100,50,0.6,[3, 7, 9, 0, 1, 4, 5, 6, 2, 8]
1.41,34.0,0.021,100,50,0.7,[9, 0, 8, 3, 7, 2, 6, 5, 4, 1]
0.32,119.0,0.026,100,50,0.8,[2, 0, 4, 9, 1, 5, 3, 7, 8, 6]
0.43,99.0,0.023,100,50,0.9,[6, 8, 1, 2, 9, 7, 0, 5, 4, 3]
0.57,67.0,0.026,100,60,0.0,[7, 5, 4, 6, 3, 8, 1, 9, 2, 0]
1.88,24.0,0.022,100,60,0.1,[5, 2, 8, 4, 9, 3, 0, 7, 1, 6]
0.94,53.0,0.02,100,60,0.2,[2, 1, 6, 8, 3, 7, 0, 5, 4, 9]
0.36,129.0,0.022,100,60,0.3,[6, 7, 3, 4, 1, 9, 5, 8, 2, 0]
0.55,67.0,0.027,100,60,0.4,[3, 7, 9, 4, 2, 8, 1, 5, 6, 0]
0.37,103.0,0.027,100,60,0.5,[2, 4, 9, 6, 5, 3, 8, 0, 1, 7]
0.94,34.0,0.031,100,60,0.6,[9, 3, 0, 5, 2, 6, 4, 7, 8, 1]
0.54,70.0,0.026,100,60,0.7,[8, 4, 9, 3, 2, 7, 1, 6, 5, 0]
1.59,24.0,0.026,100,60,0.8,[5, 3, 8, 6, 7, 4, 2, 1, 9, 0]
1.93,24.0,0.022,100,60,0.9,[5, 2, 6, 8, 9, 7, 1, 0, 3, 4]
0.62,69.0,0.023,100,70,0.0,[3, 8, 4, 0, 7, 1, 9, 6, 5, 2]
0.78,42.0,0.03,100,70,0.1,[1, 4, 5, 3, 6, 0, 7, 8, 2, 9]
0.41,102.0,0.024,100,70,0.2,[6, 3, 4, 2, 5, 8, 9, 0, 1, 7]
1.51,24.0,0.028,100,70,0.3,[5, 2, 9, 1, 3, 7, 0, 8, 6, 4]
0.28,137.0,0.026,100,70,0.4,[4, 6, 0, 1, 8, 5, 2, 7, 9, 3]
0.72,58.0,0.024,100,70,0.5,[9, 5, 3, 0, 2, 6, 4, 7, 1, 8]
0.85,62.0,0.019,100,70,0.6,[8, 3, 1, 9, 2, 4, 0, 7, 5, 6]
1.26,34.0,0.023,100,70,0.7,[9, 7, 3, 1, 0, 6, 2, 4, 5, 8]
0.39,83.0,0.031,100,70,0.8,[7, 9, 0, 5, 8, 4, 2, 6, 1, 3]
0.5,100.0,0.02,100,70,0.9,[0, 8, 1, 2, 5, 7, 6, 9, 3, 4]
2.02,24.0,0.021,100,80,0.0,[5, 0, 8, 7, 4, 1, 6, 3, 2, 9]
0.5,77.0,0.026,100,80,0.1,[7, 4, 9, 3, 1, 8, 6, 2, 5, 0]
0.31,120.0,0.027,100,80,0.2,[4, 0, 9, 5, 2, 7, 8, 3, 6, 1]
0.29,114.0,0.03,100,80,0.3,[0, 6, 2, 9, 5, 1, 4, 3, 8, 7]
2.09,18.0,0.027,100,80,0.4,[1, 2, 8, 7, 9, 3, 4, 6, 0, 5]
0.62,61.0,0.026,100,80,0.5,[7, 2, 1, 4, 6, 3, 5, 8, 9, 0]
0.68,70.0,0.021,100,80,0.6,[8, 9, 6, 2, 5, 7, 4, 1, 0, 3]
1.68,24.0,0.025,100,80,0.7,[5, 0, 6, 7, 2, 3, 8, 1, 4, 9]
0.63,63.0,0.025,100,80,0.8,[6, 1, 3, 2, 9, 5, 4, 7, 0, 8]
1.02,45.0,0.022,100,80,0.9,[8, 3, 1, 2, 4, 6, 5, 9, 7, 0]
0.64,69.0,0.023,100,90,0.0,[6, 5, 1, 0, 3, 9, 2, 4, 7, 8]
0.58,67.0,0.026,100,90,0.1,[7, 5, 4, 3, 9, 2, 1, 8, 6, 0]
0.35,136.0,0.021,100,90,0.2,[6, 3, 9, 5, 0, 8, 4, 2, 1, 7]
0.27,140.0,0.027,100,90,0.3,[6, 3, 8, 2, 1, 9, 7, 0, 5, 4]
1.37,36.0,0.02,100,90,0.4,[8, 2, 7, 6, 1, 5, 0, 4, 3, 9]
1.07,52.0,0.018,100,90,0.5,[0, 4, 1, 7, 6, 2, 5, 3, 8, 9]
0.73,69.0,0.02,100,90,0.6,[6, 7, 5, 1, 4, 3, 2, 0, 9, 8]
0.63,62.0,0.025,100,90,0.7,[4, 9, 6, 7, 1, 3, 8, 2, 5, 0]
0.9,51.0,0.022,100,90,0.8,[3, 4, 1, 8, 9, 2, 6, 7, 0, 5]
0.67,58.0,0.026,100,90,0.9,[9, 5, 3, 8, 6, 1, 2, 7, 0, 4]
0.03,213.0,0.18,200,10,0.0,[7, 6, 0, 3, 2, 9, 5, 1, 4, 8]
0.04,120.0,0.2,200,10,0.1,[7, 6, 4, 3, 5, 2, 1, 0, 8, 9]
0.02,198.0,0.245,200,10,0.2,[4, 6, 0, 3, 9, 5, 7, 1, 2, 8]
0.01,182.0,0.421,200,10,0.3,[7, 6, 8, 4, 9, 5, 3, 0, 2, 1]
0.01,226.0,0.699,200,10,0.4,[2, 4, 7, 6, 3, 1, 5, 8, 0, 9]
51.21,94.0,0.208,100,10,0.0,[0, 8, 7, 4, 5, 3, 6, 2, 1, 9]
37.66,198.0,0.134,100,10,0.1,[2, 7, 6, 3, 1, 5, 8, 0, 9, 4]
33.01,233.0,0.13,100,10,0.2,[2, 4, 7, 0, 3, 8, 5, 9, 6, 1]
16.75,262.0,0.228,100,10,0.3,[2, 4, 7, 6, 3, 8, 1, 5, 0, 9]
16.25,191.0,0.322,100,10,0.4,[4, 7, 2, 6, 3, 1, 5, 0, 8, 9]
12.57,199.0,0.4,100,10,0.5,[2, 7, 6, 0, 1, 4, 5, 8, 3, 9]
8.71,242.0,0.474,100,10,0.6,[2, 4, 7, 6, 3, 1, 9, 0, 5, 8]
7.33,226.0,0.603,100,10,0.7,[4, 7, 6, 0, 2, 1, 9, 5, 3, 8]
7.65,221.0,0.591,100,10,0.8,[4, 7, 0, 6, 8, 9, 5, 1, 3, 2]
6.31,232.0,0.683,100,10,0.9,[2, 7, 6, 3, 0, 4, 1, 9, 5, 8]
302.78,104.0,0.032,100,20,0.0,[2, 6, 5, 4, 7, 3, 0, 1, 8, 9]
165.71,170.0,0.035,100,20,0.1,[6, 0, 3, 9, 5, 1, 2, 8, 4, 7]
538.25,69.0,0.027,100,20,0.2,[6, 5, 2, 4, 3, 7, 8, 9, 1, 0]
513.63,77.0,0.025,100,20,0.3,[7, 9, 8, 6, 2, 5, 4, 1, 3, 0]
398.73,75.0,0.033,100,20,0.4,[3, 1, 5, 9, 8, 2, 6, 0, 7, 4]
197.33,120.0,0.042,100,20,0.5,[7, 3, 4, 8, 1, 9, 2, 0, 5, 6]
269.74,104.0,0.036,100,20,0.6,[2, 6, 5, 4, 9, 8, 7, 0, 1, 3]
319.5,103.0,0.03,100,20,0.7,[6, 0, 5, 9, 4, 7, 2, 1, 3, 8]
165.48,139.0,0.043,100,20,0.8,[6, 0, 8, 2, 5, 3, 7, 1, 4, 9]
190.42,105.0,0.05,100,20,0.9,[6, 8, 5, 2, 4, 1, 9, 7, 3, 0]
465.45,79.0,0.027,100,30,0.0,[6, 9, 7, 2, 5, 3, 1, 4, 0, 8]
354.49,104.0,0.027,100,30,0.1,[0, 2, 8, 6, 9, 7, 5, 3, 4, 1]
720.03,52.0,0.027,100,30,0.2,[4, 5, 7, 9, 8, 1, 2, 6, 0, 3]
351.46,115.0,0.025,100,30,0.3,[4, 3, 8, 1, 0, 9, 6, 5, 2, 7]
705.72,60.0,0.024,100,30,0.4,[8, 2, 5, 3, 9, 7, 4, 6, 1, 0]
869.54,52.0,0.022,100,30,0.5,[4, 5, 0, 7, 1, 6, 2, 9, 8, 3]
616.78,77.0,0.021,100,30,0.6,[7, 9, 0, 1, 6, 3, 2, 4, 8, 5]
761.33,60.0,0.022,100,30,0.7,[8, 2, 5, 9, 4, 7, 1, 6, 0, 3]
1971.66,24.0,0.021,100,30,0.8,[5, 9, 1, 7, 3, 0, 2, 6, 4, 8]
1125.93,26.0,0.034,100,30,0.9,[1, 7, 9, 8, 2, 4, 0, 3, 6, 5]
645.78,73.0,0.021,100,40,0.0,[3, 8, 6, 2, 1, 0, 7, 4, 5, 9]
918.75,39.0,0.028,100,40,0.1,[3, 7, 6, 2, 8, 5, 4, 1, 9, 0]
629.97,57.0,0.028,100,40,0.2,[3, 5, 2, 4, 6, 8, 9, 1, 7, 0]
291.48,137.0,0.025,100,40,0.3,[7, 0, 2, 8, 4, 6, 5, 1, 9, 3]
549.12,69.0,0.026,100,40,0.4,[6, 5, 4, 7, 2, 8, 9, 1, 3, 0]
2043.68,24.0,0.02,100,40,0.5,[5, 8, 0, 3, 1, 4, 6, 9, 2, 7]
598.42,79.0,0.021,100,40,0.6,[6, 9, 7, 8, 2, 3, 1, 5, 4, 0]
583.2,67.0,0.026,100,40,0.7,[7, 5, 2, 1, 4, 3, 9, 6, 0, 8]
250.6,99.0,0.04,100,40,0.8,[6, 4, 8, 1, 3, 0, 2, 5, 7, 9]
742.3,60.0,0.022,100,40,0.9,[8, 0, 5, 4, 6, 7, 3, 9, 2, 1]
709.16,69.0,0.02,100,50,0.0,[4, 3, 6, 0, 7, 2, 9, 1, 5, 8]
1450.51,24.0,0.029,100,50,0.1,[5, 3, 9, 1, 0, 4, 7, 8, 6, 2]
738.96,62.0,0.022,100,50,0.2,[4, 9, 8, 1, 0, 3, 7, 6, 5, 2]
670.77,78.0,0.019,100,50,0.3,[8, 1, 5, 4, 3, 6, 9, 7, 0, 2]
1038.49,34.0,0.028,100,50,0.4,[9, 3, 5, 0, 2, 6, 8, 7, 4, 1]
384.42,102.0,0.026,100,50,0.5,[2, 3, 4, 9, 8, 6, 1, 0, 5, 7]
341.97,147.0,0.02,100,50,0.6,[2, 7, 6, 5, 0, 3, 1, 8, 4, 9]
1634.99,24.0,0.025,100,50,0.7,[5, 6, 2, 9, 8, 1, 0, 3, 4, 7]
350.86,135.0,0.021,100,50,0.8,[2, 7, 3, 0, 6, 5, 1, 8, 9, 4]
1038.45,42.0,0.023,100,50,0.9,[1, 5, 6, 8, 2, 3, 7, 9, 0, 4]
297.77,119.0,0.028,100,60,0.0,[7, 1, 9, 5, 2, 0, 8, 3, 4, 6]
806.28,46.0,0.027,100,60,0.1,[4, 1, 6, 3, 0, 2, 7, 5, 9, 8]
554.61,66.0,0.027,100,60,0.2,[4, 9, 1, 8, 6, 3, 5, 7, 2, 0]
443.54,97.0,0.023,100,60,0.3,[7, 4, 8, 6, 1, 3, 0, 2, 9, 5]
1136.24,36.0,0.024,100,60,0.4,[8, 6, 2, 7, 9, 0, 3, 1, 5, 4]
2233.63,18.0,0.025,100,60,0.5,[1, 7, 8, 6, 4, 3, 0, 9, 2, 5]
497.1,67.0,0.03,100,60,0.6,[3, 2, 9, 4, 6, 5, 0, 1, 8, 7]
605.86,58.0,0.028,100,60,0.7,[0, 5, 7, 6, 9, 2, 8, 4, 3, 1]
212.23,150.0,0.031,100,60,0.8,[2, 6, 8, 9, 0, 7, 4, 3, 5, 1]
1494.9,24.0,0.028,100,60,0.9,[5, 9, 6, 3, 8, 4, 7, 1, 2, 0]
626.89,57.0,0.028,100,70,0.0,[3, 0, 5, 2, 7, 4, 8, 9, 1, 6]
1519.61,24.0,0.027,100,70,0.1,[5, 2, 1, 4, 6, 0, 3, 9, 8, 7]
591.93,70.0,0.024,100,70,0.2,[0, 8, 3, 2, 6, 9, 5, 7, 4, 1]
2171.97,18.0,0.026,100,70,0.3,[1, 0, 8, 2, 9, 6, 4, 5, 7, 3]
676.66,57.0,0.026,100,70,0.4,[3, 6, 4, 5, 2, 1, 9, 8, 7, 0]
482.5,85.0,0.024,100,70,0.5,[7, 1, 5, 0, 6, 3, 8, 4, 9, 2]
898.64,45.0,0.025,100,70,0.6,[8, 7, 1, 6, 0, 3, 4, 5, 2, 9]
447.08,77.0,0.029,100,70,0.7,[7, 9, 3, 1, 2, 6, 0, 4, 8, 5]
500.09,69.0,0.029,100,70,0.8,[6, 4, 5, 1, 3, 8, 2, 7, 0, 9]
719.52,60.0,0.023,100,70,0.9,[8, 5, 3, 1, 9, 2, 0, 4, 7, 6]
401.15,103.0,0.024,100,80,0.0,[7, 4, 8, 2, 3, 5, 0, 1, 9, 6]
466.29,74.0,0.029,100,80,0.1,[8, 9, 1, 4, 3, 5, 6, 2, 7, 0]
266.76,167.0,0.022,100,80,0.2,[4, 6, 0, 8, 2, 5, 9, 3, 1, 7]
1069.91,52.0,0.018,100,80,0.3,[1, 9, 8, 3, 5, 7, 2, 0, 4, 6]
2677.25,18.0,0.021,100,80,0.4,[1, 4, 0, 2, 9, 3, 7, 8, 5, 6]
1266.39,34.0,0.023,100,80,0.5,[9, 0, 3, 5, 4, 6, 7, 8, 2, 1]
471.87,79.0,0.027,100,80,0.6,[7, 8, 6, 3, 4, 1, 5, 0, 9, 2]
1820.64,24.0,0.023,100,80,0.7,[5, 8, 6, 2, 0, 3, 4, 1, 7, 9]
336.19,110.0,0.027,100,80,0.8,[2, 3, 0, 1, 5, 6, 4, 8, 9, 7]
400.71,103.0,0.024,100,80,0.9,[7, 2, 4, 8, 3, 6, 5, 0, 1, 9]
1824.2,24.0,0.023,100,90,0.0,[5, 9, 2, 4, 3, 0, 7, 6, 1, 8]
934.05,57.0,0.019,100,90,0.1,[3, 7, 4, 6, 5, 0, 2, 9, 8, 1]
2719.42,18.0,0.02,100,90,0.2,[1, 2, 0, 4, 8, 6, 3, 7, 5, 9]
598.13,92.0,0.018,100,90,0.3,[2, 3, 7, 5, 1, 8, 4, 6, 9, 0]
1457.15,24.0,0.029,100,90,0.4,[5, 1, 0, 6, 4, 2, 8, 3, 9, 7]
468.96,79.0,0.027,100,90,0.5,[6, 2, 9, 8, 7, 5, 3, 1, 0, 4]
549.72,63.0,0.029,100,90,0.6,[6, 4, 2, 8, 3, 9, 7, 5, 1, 0]
327.43,116.0,0.026,100,90,0.7,[6, 3, 9, 1, 4, 2, 7, 5, 8, 0]
1879.92,24.0,0.022,100,90,0.8,[5, 9, 4, 8, 3, 6, 7, 1, 2, 0]
611.54,76.0,0.022,100,90,0.9,[0, 2, 1, 5, 3, 6, 9, 8, 7, 4]
26.94,199.0,0.187,200,10,0.0,[2, 7, 3, 8, 1, 9, 6, 0, 4, 5]
27.19,177.0,0.208,200,10,0.1,[2, 7, 3, 8, 1, 6, 4, 5, 0, 9]
21.27,188.0,0.25,200,10,0.2,[2, 7, 0, 6, 8, 1, 3, 4, 9, 5]
11.45,209.0,0.418,200,10,0.3,[2, 4, 7, 6, 9, 5, 3, 8, 1, 0]
5.12,269.0,0.726,200,10,0.4,[2, 4, 6, 0, 3, 8, 7, 9, 5, 1]
29.62,142.0,0.238,100,10,0.0,[2, 0, 3, 9, 6, 5, 4, 7, 1, 8]
51.36,145.0,0.134,100,10,0.1,[6, 0, 8, 1, 7, 5, 3, 4, 2, 9]
41.26,188.0,0.129,100,10,0.2,[7, 6, 3, 2, 8, 9, 5, 4, 1, 0]
23.28,191.0,0.225,100,10,0.3,[7, 2, 6, 3, 8, 9, 4, 0, 1, 5]
12.92,235.0,0.329,100,10,0.4,[2, 7, 6, 4, 8, 1, 9, 5, 3, 0]
8.99,296.0,0.376,100,10,0.5,[2, 4, 7, 6, 3, 8, 1, 9, 5, 0]
9.16,239.0,0.457,100,10,0.6,[2, 7, 6, 3, 0, 8, 4, 1, 9, 5]
9,193.0,0.576,100,10,0.7,[2, 7, 6, 8, 9, 4, 0, 3, 1, 5]
6.19,267.0,0.605,100,10,0.8,[2, 4, 7, 0, 3, 8, 9, 5, 6, 1]
5.37,290.0,0.643,100,10,0.9,[2, 7, 6, 0, 3, 8, 4, 1, 9, 5]
528.97,69.0,0.027,100,20,0.0,[6, 5, 8, 0, 4, 1, 3, 9, 7, 2]
267.39,105.0,0.036,100,20,0.1,[6, 8, 7, 5, 1, 4, 0, 3, 9, 2]
216.71,147.0,0.031,100,20,0.2,[4, 6, 8, 0, 1, 9, 5, 2, 3, 7]
201.19,182.0,0.027,100,20,0.3,[2, 7, 3, 6, 8, 4, 1, 9, 0, 5]
150.71,222.0,0.03,100,20,0.4,[7, 2, 6, 0, 8, 4, 1, 9, 5, 3]
217.12,157.0,0.029,100,20,0.5,[6, 2, 8, 1, 9, 5, 7, 0, 4, 3]
249.19,97.0,0.041,100,20,0.6,[6, 1, 9, 7, 4, 3, 5, 8, 2, 0]
364.56,69.0,0.04,100,20,0.7,[6, 5, 9, 7, 3, 0, 1, 8, 2, 4]
167.2,102.0,0.059,100,20,0.8,[6, 3, 7, 0, 5, 2, 1, 9, 8, 4]
160.33,150.0,0.042,100,20,0.9,[7, 3, 6, 8, 9, 1, 4, 5, 2, 0]
583.51,79.0,0.022,100,30,0.0,[6, 9, 8, 4, 7, 2, 1, 3, 0, 5]
694.03,60.0,0.024,100,30,0.1,[8, 0, 2, 5, 1, 9, 6, 4, 3, 7]
584.15,86.0,0.02,100,30,0.2,[3, 8, 4, 0, 9, 6, 7, 5, 2, 1]
1864.26,30.0,0.018,100,30,0.3,[1, 8, 5, 6, 0, 7, 9, 3, 2, 4]
617.2,75.0,0.022,100,30,0.4,[3, 1, 4, 5, 9, 2, 6, 8, 7, 0]
518.91,67.0,0.029,100,30,0.5,[7, 2, 5, 4, 3, 0, 1, 9, 6, 8]
492.17,95.0,0.021,100,30,0.6,[2, 8, 5, 6, 7, 0, 3, 4, 1, 9]
964.64,51.0,0.02,100,30,0.7,[3, 1, 8, 4, 6, 2, 9, 5, 7, 0]
592.48,75.0,0.023,100,30,0.8,[6, 1, 8, 5, 9, 2, 7, 3, 4, 0]
1231.23,30.0,0.027,100,30,0.9,[1, 2, 5, 4, 7, 6, 8, 0, 3, 9]
371.38,95.0,0.028,100,40,0.0,[2, 8, 4, 5, 9, 7, 6, 1, 3, 0]
370.66,122.0,0.022,100,40,0.1,[2, 0, 8, 3, 9, 7, 1, 6, 5, 4]
448.27,112.0,0.02,100,40,0.2,[2, 7, 9, 0, 3, 8, 6, 1, 4, 5]
625.92,69.0,0.023,100,40,0.3,[6, 7, 5, 2, 4, 9, 8, 0, 3, 1]
839.38,52.0,0.023,100,40,0.4,[4, 5, 8, 1, 9, 2, 3, 0, 6, 7]
574.63,67.0,0.026,100,40,0.5,[7, 5, 6, 4, 9, 8, 0, 1, 3, 2]
1000.03,36.0,0.028,100,40,0.6,[8, 2, 6, 0, 3, 4, 7, 9, 5, 1]
355.75,111.0,0.025,100,40,0.7,[7, 0, 9, 8, 3, 6, 1, 4, 2, 5]
1264.18,34.0,0.023,100,40,0.8,[9, 8, 3, 1, 2, 0, 5, 6, 4, 7]
1003.28,40.0,0.025,100,40,0.9,[8, 3, 4, 1, 7, 0, 9, 5, 2, 6]
428.86,91.0,0.026,100,50,0.0,[3, 1, 9, 6, 5, 7, 4, 2, 0, 8]
555.23,86.0,0.021,100,50,0.1,[2, 3, 0, 7, 1, 4, 9, 8, 6, 5]
607.58,70.0,0.024,100,50,0.2,[0, 8, 3, 2, 4, 9, 6, 1, 5, 7]
494.99,86.0,0.023,100,50,0.3,[4, 9, 5, 8, 2, 7, 0, 1, 6, 3]
1569.14,24.0,0.027,100,50,0.4,[5, 2, 7, 3, 0, 9, 1, 4, 6, 8]
319.65,110.0,0.028,100,50,0.5,[7, 3, 9, 0, 2, 5, 8, 1, 6, 4]
640.56,59.0,0.026,100,50,0.6,[2, 5, 6, 7, 3, 1, 4, 9, 8, 0]
878.97,60.0,0.019,100,50,0.7,[8, 5, 4, 6, 2, 9, 0, 7, 1, 3]
551.91,69.0,0.026,100,50,0.8,[6, 4, 5, 8, 3, 0, 7, 2, 1, 9]
1136.21,34.0,0.026,100,50,0.9,[9, 7, 3, 1, 4, 8, 2, 0, 6, 5]
378.94,100.0,0.026,100,60,0.0,[7, 3, 5, 6, 0, 4, 9, 1, 8, 2]
590.16,67.0,0.025,100,60,0.1,[3, 9, 0, 7, 1, 4, 6, 5, 2, 8]
566.57,67.0,0.026,100,60,0.2,[7, 5, 3, 4, 2, 6, 1, 0, 9, 8]
775.07,52.0,0.025,100,60,0.3,[1, 9, 3, 5, 4, 8, 7, 6, 0, 2]
820.96,66.0,0.018,100,60,0.4,[3, 2, 8, 6, 0, 5, 9, 1, 4, 7]
828.71,58.0,0.021,100,60,0.5,[0, 5, 2, 8, 7, 1, 9, 6, 3, 4]
617,67.0,0.024,100,60,0.6,[7, 5, 2, 3, 6, 8, 4, 0, 9, 1]
441.48,98.0,0.023,100,60,0.7,[4, 0, 8, 3, 2, 1, 9, 7, 6, 5]
1511.6,24.0,0.028,100,60,0.8,[5, 9, 1, 8, 0, 6, 4, 2, 7, 3]
2043.88,24.0,0.02,100,60,0.9,[1, 6, 2, 4, 5, 8, 3, 7, 9, 0]
382.26,106.0,0.025,100,70,0.0,[7, 6, 1, 4, 3, 8, 2, 0, 9, 5]
362.24,105.0,0.026,100,70,0.1,[4, 7, 9, 6, 3, 1, 2, 8, 0, 5]
1713.05,24.0,0.024,100,70,0.2,[5, 6, 2, 9, 1, 8, 7, 0, 4, 3]
810.3,58.0,0.021,100,70,0.3,[0, 7, 3, 5, 4, 1, 8, 9, 6, 2]
973.34,59.0,0.017,100,70,0.4,[2, 5, 3, 0, 4, 1, 6, 7, 9, 8]
520.98,69.0,0.028,100,70,0.5,[2, 9, 3, 1, 6, 0, 5, 8, 7, 4]
1942.23,24.0,0.021,100,70,0.6,[5, 6, 7, 0, 2, 1, 9, 3, 8, 4]
579.6,70.0,0.025,100,70,0.7,[8, 9, 7, 0, 2, 6, 4, 5, 3, 1]
1167.67,35.0,0.024,100,70,0.8,[1, 4, 9, 8, 3, 7, 0, 5, 6, 2]
2708.76,18.0,0.021,100,70,0.9,[1, 7, 6, 3, 8, 2, 5, 4, 0, 9]
361.63,105.0,0.026,100,80,0.0,[6, 7, 8, 5, 9, 4, 3, 2, 1, 0]
1410.39,38.0,0.019,100,80,0.1,[9, 1, 3, 6, 0, 7, 4, 2, 8, 5]
531.2,77.0,0.024,100,80,0.2,[7, 9, 3, 8, 4, 1, 5, 0, 2, 6]
987.07,60.0,0.017,100,80,0.3,[8, 5, 6, 9, 2, 3, 0, 7, 4, 1]
766.45,57.0,0.023,100,80,0.4,[3, 6, 0, 5, 7, 1, 9, 2, 4, 8]
261.07,151.0,0.025,100,80,0.5,[7, 4, 0, 8, 9, 1, 6, 5, 2, 3]
1136.32,34.0,0.026,100,80,0.6,[9, 2, 0, 1, 5, 7, 3, 6, 8, 4]
287.38,129.0,0.027,100,80,0.7,[2, 0, 8, 3, 5, 7, 9, 6, 1, 4]
-21.17,165.0,0.286,100,10,0.0,[2, 4, 6, 3, 5, 1, 7, 9, 8, 0]
-28.87,203.0,0.171,100,10,0.1,[7, 2, 6, 3, 8, 9, 4, 5, 1, 0]
-28.08,219.0,0.163,100,10,0.2,[4, 6, 0, 7, 8, 1, 9, 5, 2, 3]
-17.84,243.0,0.231,100,10,0.3,[4, 7, 6, 0, 3, 8, 5, 9, 2, 1]
-12.35,245.0,0.33,100,10,0.4,[2, 4, 6, 0, 3, 8, 9, 7, 5, 1]
-8.16,263.0,0.466,100,10,0.5,[2, 4, 7, 6, 8, 1, 9, 5, 3, 0]
-8.14,248.0,0.495,100,10,0.6,[2, 7, 6, 0, 3, 9, 5, 8, 1, 4]
-7.13,267.0,0.525,100,10,0.7,[2, 4, 7, 0, 3, 8, 1, 9, 6, 5]
-7.05,245.0,0.579,100,10,0.8,[2, 4, 7, 6, 8, 9, 5, 1, 3, 0]
-7.35,201.0,0.677,100,10,0.9,[2, 4, 7, 6, 9, 1, 5, 3, 8, 0]
-258.27,145.0,0.027,100,20,0.0,[7, 6, 3, 2, 5, 1, 4, 9, 0, 8]
-311.16,122.0,0.026,100,20,0.1,[7, 6, 9, 4, 2, 8, 0, 5, 1, 3]
-217.1,140.0,0.033,100,20,0.2,[2, 6, 8, 3, 5, 1, 0, 7, 4, 9]
-309.72,113.0,0.029,100,20,0.3,[6, 0, 9, 4, 2, 3, 8, 5, 7, 1]
-348.16,112.0,0.026,100,20,0.4,[6, 3, 9, 0, 8, 4, 7, 2, 5, 1]
-236.67,105.0,0.04,100,20,0.5,[6, 8, 2, 5, 1, 3, 9, 7, 4, 0]
-214.77,121.0,0.038,100,20,0.6,[2, 4, 0, 5, 8, 9, 7, 6, 3, 1]
-165.11,152.0,0.04,100,20,0.7,[2, 6, 0, 7, 3, 9, 1, 8, 4, 5]
-229.03,96.0,0.045,100,20,0.8,[6, 3, 7, 1, 0, 8, 4, 2, 5, 9]
-170.35,115.0,0.051,100,20,0.9,[6, 8, 7, 9, 0, 4, 2, 1, 3, 5]
-530.09,60.0,0.031,100,30,0.0,[8, 6, 5, 3, 9, 1, 7, 2, 0, 4]
-398.85,111.0,0.023,100,30,0.1,[7, 0, 9, 2, 8, 5, 3, 4, 1, 6]
-446.98,87.0,0.026,100,30,0.2,[6, 1, 5, 3, 9, 4, 2, 0, 7, 8]
-692.82,70.0,0.021,100,30,0.3,[8, 9, 0, 4, 2, 6, 5, 7, 1, 3]
-911.29,54.0,0.02,100,30,0.4,[8, 6, 1, 4, 2, 3, 0, 5, 9, 7]
-1222.82,34.0,0.024,100,30,0.5,[9, 0, 3, 4, 8, 7, 2, 6, 5, 1]
-379.76,100.0,0.026,100,30,0.6,[7, 3, 2, 4, 0, 6, 5, 9, 8, 1]
-239.49,130.0,0.032,100,30,0.7,[2, 4, 7, 5, 0, 9, 8, 6, 1, 3]
-597.76,73.0,0.023,100,30,0.8,[2, 9, 1, 4, 3, 6, 0, 8, 5, 7]
-762.27,62.0,0.021,100,30,0.9,[4, 9, 0, 2, 3, 6, 8, 7, 1, 5]
-1592.23,24.0,0.026,100,40,0.0,[5, 6, 7, 1, 0, 4, 2, 3, 8, 9]
-739.89,66.0,0.02,100,40,0.1,[4, 9, 1, 3, 0, 6, 7, 8, 2, 5]
-1269.17,36.0,0.022,100,40,0.2,[8, 6, 2, 3, 0, 5, 7, 9, 4, 1]
-730.93,58.0,0.024,100,40,0.3,[0, 5, 4, 3, 2, 7, 6, 9, 1, 8]
-608.37,58.0,0.028,100,40,0.4,[0, 7, 3, 5, 8, 9, 6, 1, 2, 4]
-621.17,54.0,0.03,100,40,0.5,[8, 1, 2, 0, 9, 7, 4, 6, 3, 5]
-353.73,127.0,0.022,100,40,0.6,[2, 0, 4, 9, 5, 1, 3, 7, 6, 8]
-612.36,80.0,0.02,100,40,0.7,[4, 0, 1, 7, 2, 3, 8, 5, 6, 9]
-600.48,69.0,0.024,100,40,0.8,[8, 2, 1, 5, 9, 4, 0, 7, 3, 6]
-320.63,97.0,0.032,100,40,0.9,[4, 6, 5, 2, 1, 0, 9, 8, 3, 7]
-380.81,112.0,0.023,100,50,0.0,[7, 6, 5, 4, 9, 0, 1, 8, 3, 2]
-826.32,52.0,0.023,100,50,0.1,[0, 1, 3, 8, 7, 5, 2, 6, 9, 4]
-504.38,80.0,0.025,100,50,0.2,[0, 6, 5, 3, 7, 9, 4, 8, 1, 2]
-1152.09,34.0,0.026,100,50,0.3,[9, 8, 7, 6, 1, 3, 5, 4, 2, 0]
-422.59,101.0,0.023,100,50,0.4,[7, 0, 5, 1, 9, 8, 2, 3, 4, 6]
-498.82,57.0,0.035,100,50,0.5,[3, 7, 5, 1, 6, 4, 8, 2, 9, 0]
-757.14,60.0,0.022,100,50,0.6,[8, 3, 0, 4, 5, 6, 7, 2, 1, 9]
-551.83,69.0,0.026,100,50,0.7,[6, 4, 5, 9, 7, 1, 8, 3, 0, 2]
-554.1,64.0,0.028,100,50,0.8,[0, 6, 7, 4, 2, 8, 9, 1, 3, 5]
-708.27,54.0,0.026,100,50,0.9,[8, 1, 2, 7, 0, 6, 3, 9, 4, 5]
-1276.8,33.0,0.024,100,60,0.0,[3, 4, 6, 8, 7, 1, 2, 0, 9, 5]
-682.02,52.0,0.028,100,60,0.1,[4, 5, 1, 8, 6, 9, 2, 7, 3, 0]
-476.58,85.0,0.025,100,60,0.2,[2, 9, 1, 5, 8, 3, 4, 7, 0, 6]
-804.96,58.0,0.021,100,60,0.3,[0, 5, 4, 1, 8, 9, 7, 2, 3, 6]
-196.58,235.0,0.022,100,60,0.4,[4, 7, 2, 6, 3, 0, 8, 9, 1, 5]
-1256.46,42.0,0.019,100,60,0.5,[1, 5, 3, 7, 2, 6, 4, 9, 0, 8]
-1003.44,34.0,0.029,100,60,0.6,[9, 8, 3, 1, 6, 7, 0, 4, 5, 2]
-418.42,54.0,0.044,100,60,0.7,[8, 6, 1, 2, 4, 9, 7, 3, 5, 0]
-549.57,67.0,0.027,100,60,0.8,[3, 9, 6, 8, 0, 4, 2, 5, 1, 7]
-590.45,60.0,0.028,100,60,0.9,[8, 5, 0, 4, 6, 3, 7, 1, 2, 9]
-450.7,83.0,0.027,100,70,0.0,[3, 2, 9, 1, 5, 0, 8, 4, 7, 6]
-502.83,103.0,0.019,100,70,0.1,[7, 2, 8, 5, 0, 9, 1, 3, 4, 6]
-533.76,73.0,0.026,100,70,0.2,[2, 9, 1, 6, 3, 0, 8, 4, 7, 5]
-401.09,76.0,0.033,100,70,0.3,[1, 9, 5, 3, 2, 0, 8, 4, 7, 6]
-229.59,164.0,0.027,100,70,0.4,[7, 3, 8, 4, 1, 9, 0, 5, 2, 6]
-368.43,138.0,0.02,100,70,0.5,[2, 6, 9, 5, 1, 8, 4, 3, 0, 7]
-738.97,74.0,0.018,100,70,0.6,[8, 4, 9, 1, 0, 3, 6, 2, 5, 7]
-629.82,69.0,0.023,100,70,0.7,[2, 9, 8, 7, 5, 4, 0, 6, 1, 3]
-1882.02,18.0,0.03,100,70,0.8,[1, 8, 0, 9, 6, 4, 5, 7, 3, 2]
-1502.7,24.0,0.028,100,70,0.9,[5, 6, 2, 9, 7, 0, 8, 1, 4, 3]
-489.63,77.0,0.027,100,80,0.0,[7, 9, 3, 6, 0, 2, 4, 8, 5, 1]
-1681.94,24.0,0.025,100,80,0.1,[5, 7, 9, 6, 4, 0, 2, 1, 8, 3]
-461.23,98.0,0.022,100,80,0.2,[4, 8, 6, 9, 2, 7, 5, 3, 1, 0]
-289.62,155.0,0.022,100,80,0.3,[6, 0, 7, 8, 2, 9, 4, 5, 1, 3]
-626.67,52.0,0.031,100,80,0.4,[0, 7, 1, 6, 3, 8, 9, 4, 2, 5]
-639.64,60.0,0.026,100,80,0.5,[8, 5, 3, 7, 1, 6, 2, 4, 9, 0]
-1381.64,24.0,0.03,100,80,0.6,[5, 2, 9, 8, 0, 1, 3, 4, 7, 6]
-604.23,62.0,0.027,100,80,0.7,[4, 9, 0, 7, 3, 8, 6, 2, 1, 5]
-662.85,51.0,0.03,100,80,0.8,[0, 2, 3, 4, 7, 1, 8, 5, 9, 6]
-674.21,58.0,0.026,100,80,0.9,[0, 4, 6, 5, 8, 3, 9, 2, 7, 1]
-491.7,95.0,0.021,100,90,0.0,[3, 8, 7, 1, 9, 6, 4, 5, 0, 2]
-357.78,134.0,0.021,100,90,0.1,[7, 3, 9, 5, 6, 8, 4, 0, 2, 1]
-513.91,85.0,0.023,100,90,0.2,[3, 7, 1, 9, 8, 5, 4, 0, 2, 6]
-313.8,122.0,0.026,100,90,0.3,[2, 0, 8, 4, 7, 9, 6, 5, 1, 3]
-405.19,114.0,0.022,100,90,0.4,[2, 6, 7, 4, 9, 0, 1, 5, 3, 8]
-907.96,42.0,0.026,100,90,0.5,[8, 0, 7, 6, 5, 4, 3, 2, 9, 1]
-407.32,87.0,0.028,100,90,0.6,[2, 4, 5, 3, 6, 0, 8, 9, 1, 7]
-1071.8,34.0,0.027,100,90,0.7,[9, 2, 4, 6, 3, 1, 5, 0, 8, 7]
-392.92,106.0,0.024,100,90,0.8,[2, 3, 6, 9, 1, 7, 0, 8, 5, 4]
-503.85,74.0,0.027,100,90,0.9,[0, 6, 3, 2, 8, 1, 5, 9, 4, 7]
-31.56,174.0,0.182,200,10,0.0,[7, 6, 3, 8, 0, 2, 9, 4, 1, 5]
-40.09,124.0,0.201,200,10,0.1,[7, 3, 8, 0, 2, 4, 1, 9, 6, 5]
-16.66,225.0,0.267,200,10,0.2,[4, 7, 6, 3, 2, 1, 9, 5, 0, 8]
-8.18,260.0,0.47,200,10,0.3,[2, 4, 7, 6, 3, 8, 9, 0, 5, 1]
-5.97,225.0,0.744,200,10,0.4,[2, 4, 7, 6, 8, 9, 1, 3, 5, 0]
-5.33,214.0,0.876,200,10,0.5,[4, 7, 0, 3, 2, 1, 9, 5, 6, 8]
-4.6,233.0,0.932,200,10,0.6,[2, 7, 6, 0, 4, 3, 8, 5, 1, 9]
-3.71,269.0,1.002,200,10,0.7,[2, 4, 6, 0, 3, 8, 9, 5, 7, 1]
-3.82,227.0,1.154,200,10,0.8,[2, 4, 7, 6, 0, 1, 5, 3, 8, 9]
-2.89,262.0,1.319,200,10,0.9,[2, 4, 7, 6, 3, 8, 1, 0, 5, 9]
-136.16,112.0,0.066,200,20,0.0,[7, 6, 4, 2, 5, 9, 8, 3, 1, 0]
-127.86,130.0,0.06,200,20,0.1,[2, 4, 7, 5, 8, 3, 0, 9, 6, 1]
-128.88,114.0,0.068,200,20,0.2,[6, 8, 2, 1, 5, 9, 4, 7, 0, 3]
-204.42,69.0,0.071,200,20,0.3,[6, 5, 2, 4, 0, 7, 9, 3, 1, 8]
-128.77,129.0,0.06,200,20,0.4,[2, 7, 3, 0, 1, 8, 4, 6, 5, 9]
-86.36,182.0,0.064,200,20,0.5,[7, 6, 0, 2, 8, 5, 4, 1, 3, 9]
-119.47,145.0,0.058,200,20,0.6,[2, 7, 3, 9, 6, 8, 1, 5, 4, 0]
-82.13,150.0,0.081,200,20,0.7,[2, 6, 8, 0, 9, 3, 1, 7, 4, 5]
-74.37,140.0,0.096,200,20,0.8,[7, 6, 1, 9, 8, 0, 3, 4, 5, 2]
-70.85,165.0,0.086,200,20,0.9,[2, 7, 3, 8, 1, 6, 9, 0, 4, 5]
-424.94,50.0,0.047,200,30,0.0,[9, 1, 5, 0, 2, 4, 3, 6, 8, 7]
-270.27,70.0,0.053,200,30,0.1,[8, 7, 9, 6, 1, 5, 0, 3, 2, 4]
-241.93,69.0,0.06,200,30,0.2,[6, 2, 4, 7, 3, 5, 1, 9, 0, 8]
-200.87,121.0,0.041,200,30,0.3,[4, 7, 9, 1, 5, 6, 0, 3, 8, 2]
-331.5,62.0,0.049,200,30,0.4,[4, 9, 3, 7, 2, 1, 8, 0, 5, 6]
-184.49,95.0,0.057,200,30,0.5,[4, 3, 2, 9, 0, 7, 6, 1, 8, 5]
-243.55,74.0,0.055,200,30,0.6,[8, 9, 1, 6, 7, 3, 2, 0, 5, 4]
23.15,154.0,0.28,100,10,0.0,[6, 0, 3, 7, 1, 5, 2, 4, 9, 8]
37.39,232.0,0.115,100,10,0.1,[2, 7, 6, 0, 3, 1, 5, 4, 8, 9]
30.42,208.0,0.158,100,10,0.2,[2, 4, 7, 6, 3, 5, 0, 1, 8, 9]
24.84,165.0,0.244,100,10,0.3,[2, 4, 6, 3, 5, 8, 7, 0, 9, 1]
14.18,223.0,0.316,100,10,0.4,[2, 6, 0, 3, 4, 1, 9, 5, 8, 7]
13.28,208.0,0.362,100,10,0.5,[2, 6, 0, 8, 7, 9, 5, 4, 1, 3]
9.98,230.0,0.436,100,10,0.6,[2, 7, 6, 3, 8, 0, 1, 9, 5, 4]
10.6,194.0,0.486,100,10,0.7,[2, 4, 6, 7, 0, 8, 3, 1, 5, 9]
6.43,278.0,0.559,100,10,0.8,[2, 4, 7, 6, 3, 8, 0, 9, 5, 1]
6.59,245.0,0.619,100,10,0.9,[2, 4, 7, 6, 8, 9, 5, 1, 0, 3]
220.05,136.0,0.033,100,20,0.0,[4, 0, 6, 2, 7, 1, 9, 8, 5, 3]
273.88,138.0,0.026,100,20,0.1,[6, 3, 8, 5, 4, 0, 1, 9, 7, 2]
408.02,85.0,0.029,100,20,0.2,[7, 1, 6, 5, 3, 8, 9, 0, 2, 4]
408.59,72.0,0.034,100,20,0.3,[7, 2, 4, 6, 1, 0, 3, 9, 5, 8]
405.32,103.0,0.024,100,20,0.4,[6, 9, 5, 0, 1, 7, 4, 8, 2, 3]
263.35,115.0,0.033,100,20,0.5,[4, 6, 1, 5, 0, 9, 7, 3, 8, 2]
187.25,213.0,0.025,100,20,0.6,[7, 6, 0, 3, 9, 5, 2, 8, 1, 4]
155.75,153.0,0.042,100,20,0.7,[6, 0, 4, 3, 9, 5, 2, 8, 7, 1]
162.55,132.0,0.047,100,20,0.8,[2, 7, 8, 1, 0, 3, 5, 9, 4, 6]
99.68,199.0,0.05,100,20,0.9,[2, 7, 3, 8, 1, 9, 4, 0, 5, 6]
725.51,60.0,0.023,100,30,0.0,[8, 4, 3, 5, 2, 6, 7, 1, 0, 9]
931.67,57.0,0.019,100,30,0.1,[3, 7, 5, 1, 6, 4, 9, 2, 0, 8]
626.19,52.0,0.031,100,30,0.2,[1, 9, 0, 2, 6, 5, 4, 3, 8, 7]
1602.38,24.0,0.026,100,30,0.3,[5, 9, 8, 3, 7, 4, 0, 2, 1, 6]
1935.23,24.0,0.022,100,30,0.4,[5, 6, 1, 7, 4, 9, 3, 0, 8, 2]
986.58,57.0,0.018,100,30,0.5,[3, 5, 8, 7, 0, 9, 1, 2, 4, 6]
964.22,38.0,0.027,100,30,0.6,[9, 1, 7, 0, 3, 4, 6, 8, 2, 5]
406.51,93.0,0.026,100,30,0.7,[3, 8, 2, 5, 4, 9, 0, 1, 6, 7]
375.96,103.0,0.026,100,30,0.8,[3, 8, 9, 4, 6, 2, 7, 1, 5, 0]
355.13,116.0,0.024,100,30,0.9,[6, 3, 4, 7, 0, 9, 1, 8, 5, 2]
485.02,86.0,0.024,100,40,0.0,[3, 8, 4, 7, 9, 6, 5, 2, 1, 0]
394.85,103.0,0.025,100,40,0.1,[6, 0, 4, 7, 2, 5, 1, 9, 8, 3]
1795.32,24.0,0.023,100,40,0.2,[5, 8, 4, 9, 6, 7, 1, 3, 0, 2]
657.11,68.0,0.022,100,40,0.3,[0, 4, 9, 8, 2, 6, 7, 1, 5, 3]
712,57.0,0.025,100,40,0.4,[3, 5, 4, 0, 2, 7, 1, 9, 8, 6]
691.94,69.0,0.021,100,40,0.5,[6, 7, 5, 4, 2, 3, 0, 1, 8, 9]
432.11,81.0,0.029,100,40,0.6,[7, 2, 9, 1, 6, 5, 8, 4, 0, 3]
972.24,51.0,0.02,100,40,0.7,[3, 1, 7, 6, 8, 0, 2, 4, 9, 5]
804.34,60.0,0.021,100,40,0.8,[8, 6, 5, 1, 7, 2, 9, 3, 0, 4]
555.29,70.0,0.026,100,40,0.9,[4, 8, 3, 2, 6, 5, 0, 9, 1, 7]
688.02,68.0,0.021,100,50,0.0,[0, 7, 3, 9, 2, 6, 5, 1, 8, 4]
429.41,104.0,0.022,100,50,0.1,[0, 8, 9, 4, 7, 5, 1, 2, 6, 3]
778.77,69.0,0.019,100,50,0.2,[6, 4, 5, 0, 9, 3, 1, 2, 7, 8]
459.86,79.0,0.028,100,50,0.3,[6, 9, 4, 0, 2, 7, 3, 1, 8, 5]
564.78,80.0,0.022,100,50,0.4,[4, 1, 9, 6, 7, 0, 2, 3, 8, 5]
975.79,34.0,0.03,100,50,0.5,[9, 3, 0, 2, 7, 5, 6, 8, 1, 4]
952.61,52.0,0.02,100,50,0.6,[1, 9, 4, 8, 3, 5, 2, 6, 7, 0]
491.61,87.0,0.023,100,50,0.7,[2, 1, 9, 4, 6, 0, 5, 7, 8, 3]
2127.01,18.0,0.026,100,50,0.8,[1, 6, 9, 0, 5, 2, 8, 3, 7, 4]
1396.34,34.0,0.021,100,50,0.9,[9, 2, 5, 0, 7, 3, 4, 6, 1, 8]
1118.49,42.0,0.021,100,60,0.0,[1, 5, 7, 0, 6, 3, 9, 4, 8, 2]
479.56,80.0,0.026,100,60,0.1,[0, 6, 5, 4, 8, 2, 3, 9, 7, 1]
682.16,67.0,0.022,100,60,0.2,[3, 4, 9, 0, 8, 6, 1, 2, 7, 5]
779.67,52.0,0.025,100,60,0.3,[1, 9, 7, 6, 2, 0, 3, 8, 4, 5]
1576.89,24.0,0.026,100,60,0.4,[5, 9, 4, 3, 2, 1, 8, 7, 6, 0]
1296.32,34.0,0.023,100,60,0.5,[9, 8, 7, 5, 3, 6, 0, 2, 1, 4]
1611.77,30.0,0.021,100,60,0.6,[1, 8, 5, 3, 2, 9, 7, 0, 4, 6]
756.43,58.0,0.023,100,60,0.7,[9, 5, 1, 4, 2, 3, 0, 6, 8, 7]
1505.15,24.0,0.028,100,60,0.8,[5, 7, 0, 1, 3, 2, 8, 4, 9, 6]
2239.42,24.0,0.019,100,60,0.9,[5, 3, 4, 1, 8, 9, 2, 0, 6, 7]
373.16,119.0,0.023,100,70,0.0,[6, 2, 8, 9, 1, 4, 0, 7, 5, 3]
2115.45,24.0,0.02,100,70,0.1,[5, 6, 8, 7, 9, 1, 0, 4, 2, 3]
1167.18,34.0,0.025,100,70,0.2,[9, 3, 8, 5, 7, 1, 4, 0, 2, 6]
1595.58,24.0,0.026,100,70,0.3,[5, 6, 2, 7, 0, 4, 3, 8, 1, 9]
2154.64,18.0,0.026,100,70,0.4,[1, 2, 7, 4, 0, 8, 5, 6, 9, 3]
324.38,137.0,0.023,100,70,0.5,[4, 7, 0, 2, 3, 5, 1, 9, 6, 8]
455.88,79.0,0.028,100,70,0.6,[6, 2, 9, 4, 7, 8, 0, 5, 1, 3]
1487.11,36.0,0.019,100,70,0.7,[8, 2, 3, 4, 9, 6, 1, 5, 7, 0]
602.29,78.0,0.021,100,70,0.8,[7, 1, 4, 9, 8, 5, 0, 3, 2, 6]
932.27,58.0,0.018,100,70,0.9,[0, 5, 8, 7, 6, 9, 2, 3, 4, 1]
446.73,94.0,0.024,100,80,0.0,[0, 6, 3, 1, 8, 5, 7, 9, 2, 4]
416.56,91.0,0.026,100,80,0.1,[0, 3, 5, 2, 9, 1, 7, 6, 4, 8]
1867.92,18.0,0.03,100,80,0.2,[1, 4, 2, 8, 9, 5, 7, 6, 0, 3]
3024.67,18.0,0.018,100,80,0.3,[1, 3, 7, 4, 6, 8, 0, 9, 5, 2]
1310.92,36.0,0.021,100,80,0.4,[8, 6, 4, 3, 2, 5, 0, 9, 7, 1]
521.78,69.0,0.028,100,80,0.5,[2, 9, 3, 4, 0, 6, 1, 5, 8, 7]
645.95,58.0,0.027,100,80,0.6,[0, 5, 9, 7, 4, 8, 2, 3, 1, 6]
990.72,34.0,0.03,100,80,0.7,[9, 2, 0, 4, 8, 7, 1, 6, 3, 5]
671.44,59.0,0.025,100,80,0.8,[2, 5, 6, 7, 0, 3, 9, 1, 8, 4]
378.51,114.0,0.023,100,80,0.9,[2, 6, 4, 9, 8, 7, 0, 3, 5, 1]
524.25,81.0,0.024,100,90,0.0,[6, 8, 2, 0, 3, 1, 5, 7, 9, 4]
1143.97,34.0,0.026,100,90,0.1,[9, 7, 2, 1, 6, 5, 4, 8, 3, 0]
175.82,182.0,0.031,100,90,0.2,[2, 7, 3, 6, 8, 1, 9, 0, 4, 5]
577.17,79.0,0.022,100,90,0.3,[6, 9, 8, 4, 1, 5, 0, 7, 2, 3]
1581.29,34.0,0.019,100,90,0.4,[9, 0, 3, 7, 2, 6, 8, 5, 1, 4]
600.14,70.0,0.024,100,90,0.5,[0, 4, 8, 3, 2, 6, 1, 5, 9, 7]
365.12,69.0,0.04,100,90,0.6,[2, 9, 0, 1, 3, 4, 8, 7, 6, 5]
897.28,51.0,0.022,100,90,0.7,[0, 7, 3, 6, 9, 1, 2, 8, 4, 5]
484.82,87.0,0.024,100,90,0.8,[2, 1, 9, 7, 8, 3, 4, 6, 0, 5]
593.31,61.0,0.028,100,90,0.9,[7, 1, 6, 2, 0, 5, 9, 3, 8, 4]
23.39,216.0,0.198,200,10,0.0,[4, 7, 2, 6, 0, 8, 1, 3, 5, 9]
42.18,123.0,0.193,200,10,0.1,[7, 0, 6, 5, 8, 2, 4, 9, 3, 1]
1971.08,164.0,0.211,100,10,0.0,[2, 4, 0, 3, 9, 7, 5, 1, 6, 8]
1960.59,193.0,0.131,100,10,0.1,[4, 7, 6, 2, 0, 8, 5, 3, 1, 9]
1957.44,169.0,0.139,100,10,0.2,[2, 7, 0, 3, 4, 6, 5, 8, 1, 9]
1978.02,201.0,0.226,100,10,0.3,[2, 7, 6, 8, 1, 5, 4, 3, 0, 9]
1989.43,290.0,0.326,100,10,0.4,[2, 7, 6, 0, 3, 8, 1, 9, 4, 5]
1989.78,246.0,0.398,100,10,0.5,[2, 4, 7, 0, 6, 3, 1, 9, 5, 8]
1990.36,225.0,0.461,100,10,0.6,[4, 7, 6, 0, 3, 2, 1, 5, 8, 9]
1992.86,278.0,0.504,100,10,0.7,[2, 4, 7, 6, 3, 8, 9, 5, 1, 0]
1992.81,245.0,0.568,100,10,0.8,[2, 4, 7, 6, 8, 9, 5, 0, 1, 3]
1992.78,225.0,0.616,100,10,0.9,[7, 6, 0, 3, 8, 2, 9, 1, 4, 5]
1672.69,114.0,0.027,100,20,0.0,[2, 6, 9, 7, 8, 4, 5, 0, 1, 3]
1657.95,79.0,0.037,100,20,0.1,[6, 9, 4, 2, 0, 7, 5, 1, 3, 8]
1552.61,70.0,0.032,100,20,0.2,[8, 9, 7, 0, 5, 4, 3, 1, 2, 6]
1833.86,182.0,0.033,100,20,0.3,[7, 6, 8, 0, 4, 9, 5, 1, 2, 3]
1748.34,108.0,0.037,100,20,0.4,[6, 3, 1, 8, 5, 9, 7, 4, 0, 2]
1645.09,105.0,0.027,100,20,0.5,[6, 8, 3, 5, 9, 1, 4, 2, 0, 7]
1487.64,69.0,0.028,100,20,0.6,[6, 5, 2, 4, 1, 7, 8, 9, 0, 3]
1797.77,148.0,0.033,100,20,0.7,[7, 6, 2, 8, 0, 5, 3, 4, 1, 9]
1760.01,106.0,0.039,100,20,0.8,[7, 6, 1, 8, 9, 4, 5, 0, 3, 2]
1853.36,103.0,0.066,100,20,0.9,[7, 8, 2, 5, 3, 1, 6, 4, 0, 9]
1726.66,116.0,0.032,100,30,0.0,[7, 2, 3, 0, 8, 4, 6, 1, 9, 5]
1198.51,51.0,0.024,100,30,0.1,[3, 1, 6, 9, 0, 7, 4, 5, 8, 2]
1609.32,91.0,0.028,100,30,0.2,[4, 6, 1, 8, 7, 5, 9, 2, 3, 0]
1003.62,42.0,0.024,100,30,0.3,[1, 5, 9, 3, 8, 6, 7, 2, 4, 0]
1203.14,36.0,0.035,100,30,0.4,[8, 2, 0, 4, 7, 6, 1, 5, 9, 3]
1574.86,77.0,0.031,100,30,0.5,[7, 9, 2, 5, 0, 3, 1, 4, 6, 8]
1776.19,141.0,0.032,100,30,0.6,[4, 2, 6, 0, 9, 8, 3, 1, 5, 7]
1488.13,67.0,0.029,100,30,0.7,[3, 0, 9, 4, 2, 1, 7, 6, 8, 5]
1441.11,79.0,0.023,100,30,0.8,[6, 9, 7, 1, 8, 3, 5, 4, 2, 0]
1671.51,112.0,0.027,100,30,0.9,[6, 3, 9, 7, 1, 8, 2, 4, 0, 5]
1221.63,66.0,0.019,100,40,0.0,[8, 1, 0, 6, 5, 9, 2, 4, 3, 7]
1543.29,93.0,0.024,100,40,0.1,[2, 9, 5, 7, 6, 3, 0, 4, 1, 8]
1634.24,126.0,0.022,100,40,0.2,[7, 6, 9, 1, 8, 4, 2, 0, 3, 5]
1541.06,95.0,0.023,100,40,0.3,[4, 3, 6, 2, 9, 8, 1, 7, 5, 0]
1022.75,48.0,0.021,100,40,0.4,[8, 3, 2, 5, 9, 1, 7, 4, 6, 0]
1584.02,88.0,0.027,100,40,0.5,[2, 8, 7, 0, 9, 3, 5, 4, 1, 6]
1725.83,119.0,0.031,100,40,0.6,[4, 2, 0, 3, 5, 1, 9, 8, 7, 6]
1179.59,51.0,0.024,100,40,0.7,[3, 1, 2, 7, 4, 5, 8, 9, 0, 6]
1636.74,101.0,0.027,100,40,0.8,[0, 3, 7, 9, 6, 8, 4, 1, 5, 2]
1326.91,58.0,0.026,100,40,0.9,[9, 5, 0, 4, 1, 7, 2, 6, 8, 3]
1437.29,77.0,0.023,100,50,0.0,[7, 9, 0, 8, 2, 3, 5, 1, 4, 6]
1422.04,77.0,0.022,100,50,0.1,[7, 9, 0, 8, 4, 1, 3, 6, 2, 5]
824.59,34.0,0.025,100,50,0.2,[9, 3, 7, 5, 2, 1, 8, 0, 6, 4]
682.46,35.0,0.022,100,50,0.3,[1, 4, 9, 7, 5, 6, 3, 0, 8, 2]
1133.86,51.0,0.023,100,50,0.4,[3, 0, 6, 8, 7, 2, 4, 9, 5, 1]
1270.66,51.0,0.027,100,50,0.5,[3, 4, 1, 7, 2, 0, 5, 8, 6, 9]
1518.42,79.0,0.026,100,50,0.6,[6, 9, 4, 1, 5, 8, 2, 0, 3, 7]
1408.13,69.0,0.024,100,50,0.7,[6, 5, 1, 4, 3, 2, 0, 9, 8, 7]
1292.66,52.0,0.027,100,50,0.8,[0, 1, 3, 7, 4, 8, 2, 6, 5, 9]
1575.38,70.0,0.034,100,50,0.9,[8, 7, 9, 6, 0, 1, 4, 3, 5, 2]
973.16,186.0,0.2,100,10,0.0,[2, 7, 0, 6, 1, 9, 8, 4, 3, 5]
955.08,177.0,0.126,100,10,0.1,[2, 7, 6, 8, 1, 0, 4, 9, 5, 3]
956.44,168.0,0.137,100,10,0.2,[4, 7, 2, 6, 1, 9, 3, 0, 5, 8]
976.83,211.0,0.205,100,10,0.3,[2, 4, 7, 6, 8, 0, 5, 3, 1, 9]
987.67,245.0,0.331,100,10,0.4,[2, 4, 7, 6, 8, 9, 5, 1, 0, 3]
987.64,211.0,0.383,100,10,0.5,[2, 4, 7, 0, 3, 9, 1, 8, 6, 5]
992.71,304.0,0.451,100,10,0.6,[2, 4, 7, 6, 0, 3, 8, 9, 1, 5]
989.46,196.0,0.484,100,10,0.7,[7, 2, 6, 0, 8, 4, 9, 1, 3, 5]
992.73,263.0,0.523,100,10,0.8,[2, 4, 6, 0, 3, 8, 1, 9, 7, 5]
992.72,227.0,0.606,100,10,0.9,[2, 7, 6, 0, 8, 9, 4, 3, 1, 5]
725.53,139.0,0.026,100,20,0.0,[6, 8, 9, 5, 4, 0, 3, 1, 7, 2]
656.82,112.0,0.026,100,20,0.1,[7, 6, 5, 2, 4, 3, 1, 0, 9, 8]
575.53,83.0,0.028,100,20,0.2,[3, 4, 9, 1, 5, 8, 0, 2, 7, 6]
707.22,140.0,0.024,100,20,0.3,[2, 6, 8, 5, 3, 7, 1, 4, 9, 0]
712.2,120.0,0.029,100,20,0.4,[6, 3, 1, 0, 5, 8, 9, 2, 4, 7]
805.98,148.0,0.035,100,20,0.5,[7, 6, 8, 2, 5, 4, 0, 9, 1, 3]
863.46,174.0,0.042,100,20,0.6,[7, 6, 0, 1, 9, 8, 2, 5, 3, 4]
729.46,101.0,0.037,100,20,0.7,[7, 9, 5, 6, 4, 0, 1, 2, 3, 8]
873.16,149.0,0.053,100,20,0.8,[2, 4, 6, 7, 0, 5, 1, 3, 9, 8]
857.37,138.0,0.051,100,20,0.9,[2, 7, 8, 6, 5, 9, 4, 3, 0, 1]
-547.63,24.0,0.027,100,30,0.0,[5, 9, 1, 7, 8, 3, 0, 2, 6, 4]
597.86,94.0,0.026,100,30,0.1,[0, 4, 6, 8, 3, 5, 1, 7, 2, 9]
704.75,165.0,0.021,100,30,0.2,[4, 6, 0, 2, 3, 9, 1, 5, 7, 8]
466.5,88.0,0.021,100,30,0.3,[4, 8, 6, 0, 5, 2, 3, 9, 1, 7]
-1139.38,18.0,0.026,100,30,0.4,[1, 8, 0, 9, 2, 7, 6, 5, 4, 3]
161.69,52.0,0.023,100,30,0.5,[4, 5, 8, 9, 6, 1, 7, 3, 0, 2]
-1449.49,18.0,0.023,100,30,0.6,[1, 6, 8, 9, 4, 0, 2, 7, 3, 5]
252.94,60.0,0.022,100,30,0.7,[8, 5, 7, 9, 2, 3, 1, 6, 0, 4]
618.45,91.0,0.029,100,30,0.8,[4, 6, 1, 7, 3, 9, 5, 2, 8, 0]
-18.15,36.0,0.027,100,30,0.9,[8, 3, 2, 9, 1, 4, 5, 7, 6, 0]
-1531.65,18.0,0.022,100,40,0.0,[1, 2, 0, 8, 3, 5, 9, 7, 6, 4]
578.91,96.0,0.025,100,40,0.1,[7, 2, 4, 6, 1, 0, 5, 3, 9, 8]
55.85,42.0,0.025,100,40,0.2,[1, 5, 6, 9, 0, 7, 3, 4, 8, 2]
215.99,52.0,0.025,100,40,0.3,[1, 9, 3, 4, 8, 6, 7, 5, 0, 2]
289.04,77.0,0.018,100,40,0.4,[7, 2, 9, 4, 3, 6, 0, 8, 5, 1]
-1085.24,24.0,0.02,100,40,0.5,[5, 4, 2, 8, 1, 7, 0, 6, 3, 9]
277.88,61.0,0.023,100,40,0.6,[7, 1, 3, 8, 2, 6, 4, 9, 0, 5]
326.35,67.0,0.022,100,40,0.7,[3, 9, 7, 1, 0, 5, 8, 4, 6, 2]
-1040.88,18.0,0.027,100,40,0.8,[1, 6, 9, 4, 5, 0, 2, 3, 7, 8]
665.67,138.0,0.022,100,40,0.9,[4, 7, 3, 9, 8, 0, 2, 6, 5, 1]
313.61,52.0,0.028,100,50,0.0,[4, 5, 1, 2, 6, 7, 9, 0, 3, 8]
552.17,110.0,0.02,100,50,0.1,[7, 3, 9, 6, 2, 8, 5, 4, 1, 0]
400.79,91.0,0.018,100,50,0.2,[3, 6, 0, 9, 5, 2, 7, 8, 1, 4]
483.98,101.0,0.019,100,50,0.3,[7, 0, 4, 5, 9, 2, 6, 8, 1, 3]
615.39,95.0,0.027,100,50,0.4,[4, 3, 6, 9, 7, 2, 5, 0, 8, 1]
-109.74,36.0,0.025,100,50,0.5,[8, 3, 2, 9, 4, 7, 6, 1, 5, 0]
-1110.35,24.0,0.02,100,50,0.6,[5, 6, 9, 7, 1, 4, 3, 2, 0, 8]
792.43,154.0,0.031,100,50,0.7,[6, 3, 0, 1, 9, 5, 7, 2, 4, 8]
563.92,93.0,0.025,100,50,0.8,[3, 8, 2, 4, 0, 5, 6, 7, 9, 1]
-1969.19,18.0,0.019,100,50,0.9,[1, 8, 4, 3, 6, 0, 7, 2, 9, 5]
245.69,57.0,0.023,100,60,0.0,[3, 2, 6, 7, 5, 0, 4, 9, 1, 8]
455.8,94.0,0.02,100,60,0.1,[0, 4, 6, 8, 7, 5, 1, 2, 9, 3]
259.85,70.0,0.019,100,60,0.2,[8, 4, 9, 2, 7, 6, 0, 3, 1, 5]
170.71,52.0,0.023,100,60,0.3,[1, 9, 0, 3, 8, 5, 2, 7, 4, 6]
530.96,83.0,0.026,100,60,0.4,[6, 7, 9, 1, 3, 8, 0, 4, 2, 5]
448.38,87.0,0.021,100,60,0.5,[6, 1, 0, 4, 5, 8, 7, 3, 9, 2]
-5.12,37.0,0.027,100,60,0.6,[3, 2, 6, 0, 4, 1, 7, 8, 9, 5]
568.92,122.0,0.019,100,60,0.7,[2, 4, 8, 0, 6, 7, 9, 5, 3, 1]
381.02,75.0,0.022,100,60,0.8,[6, 2, 1, 3, 5, 7, 4, 9, 8, 0]
-270.46,36.0,0.022,100,60,0.9,[8, 7, 6, 3, 0, 4, 1, 9, 5, 2]
89.26,60.0,0.018,100,70,0.0,[8, 5, 9, 1, 2, 3, 6, 7, 0, 4]
137.23,54.0,0.021,100,70,0.1,[8, 1, 3, 2, 9, 0, 7, 6, 4, 5]
420.1,67.0,0.026,100,70,0.2,[7, 5, 0, 3, 2, 6, 1, 8, 4, 9]
674.22,110.0,0.028,100,70,0.3,[7, 3, 9, 4, 8, 1, 5, 0, 6, 2]
527.17,95.0,0.022,100,70,0.4,[2, 8, 3, 5, 9, 0, 1, 6, 7, 4]
486.44,85.0,0.023,100,70,0.5,[0, 3, 1, 6, 4, 8, 9, 5, 2, 7]
-1062.66,24.0,0.02,100,70,0.6,[5, 4, 6, 2, 0, 9, 3, 1, 7, 8]
375.1,69.0,0.023,100,70,0.7,[2, 9, 3, 5, 7, 1, 4, 6, 0, 8]
83.4,46.0,0.024,100,70,0.8,[4, 1, 3, 9, 2, 7, 5, 0, 6, 8]
353.9,70.0,0.022,100,70,0.9,[0, 8, 3, 6, 4, 9, 5, 1, 2, 7]
-426.54,34.0,0.021,100,80,0.0,[9, 7, 2, 0, 5, 8, 1, 6, 3, 4]
-951.89,18.0,0.028,100,80,0.1,[1, 3, 4, 6, 9, 8, 5, 0, 2, 7]
-134.54,44.0,0.02,100,80,0.2,[8, 7, 2, 9, 5, 0, 1, 6, 3, 4]
540.73,103.0,0.021,100,80,0.3,[2, 4, 9, 0, 5, 8, 3, 6, 1, 7]
245.44,53.0,0.025,100,80,0.4,[8, 3, 9, 2, 1, 5, 6, 7, 0, 4]
305.2,69.0,0.021,100,80,0.5,[2, 9, 3, 7, 6, 0, 4, 5, 1, 8]
-635.7,24.0,0.025,100,80,0.6,[5, 9, 4, 2, 6, 8, 0, 7, 1, 3]
363.92,67.0,0.023,100,80,0.7,[7, 5, 0, 9, 3, 8, 1, 4, 2, 6]
392.62,61.0,0.027,100,80,0.8,[7, 1, 3, 2, 5, 0, 8, 4, 9, 6]
-47.76,34.0,0.028,100,80,0.9,[9, 8, 1, 6, 7, 2, 3, 5, 4, 0]
653.68,114.0,0.025,100,90,0.0,[2, 7, 4, 8, 6, 3, 9, 1, 0, 5]
-427.28,34.0,0.021,100,90,0.1,[9, 7, 3, 2, 1, 0, 8, 6, 5, 4]
336.94,71.0,0.021,100,90,0.2,[3, 7, 9, 1, 2, 6, 0, 5, 4, 8]
-1212.92,18.0,0.025,100,90,0.3,[1, 4, 3, 0, 9, 6, 7, 5, 8, 2]
217.36,60.0,0.021,100,90,0.4,[8, 5, 2, 9, 3, 0, 6, 7, 1, 4]
807.15,209.0,0.025,100,90,0.5,[2, 7, 6, 4, 0, 8, 1, 5, 9, 3]
-679.13,30.0,0.02,100,90,0.6,[1, 7, 0, 5, 2, 8, 9, 3, 4, 6]
573.89,111.0,0.021,100,90,0.7,[7, 0, 9, 3, 6, 1, 8, 2, 4, 5]
-744.44,24.0,0.024,100,90,0.8,[5, 4, 0, 7, 8, 6, 1, 9, 3, 2]
17.72,51.0,0.02,100,90,0.9,[3, 7, 8, 0, 6, 4, 2, 5, 1, 9]
969.54,181.0,0.181,200,10,0.0,[7, 2, 6, 3, 8, 4, 0, 5, 1, 9]
973.75,194.0,0.196,200,10,0.1,[2, 4, 6, 0, 1, 9, 7, 8, 5, 3]
975.07,166.0,0.242,200,10,0.2,[6, 3, 8, 4, 1, 9, 2, 7, 0, 5]
988.65,217.0,0.406,200,10,0.3,[2, 7, 6, 0, 8, 4, 5, 1, 3, 9]
993,196.0,0.729,200,10,0.4,[4, 7, 0, 3, 2, 9, 5, 1, 6, 8]
980.84,164.0,0.319,100,10,0.0,[7, 6, 0, 1, 5, 2, 4, 8, 9, 3]
962.31,190.0,0.14,100,10,0.1,[4, 7, 6, 8, 9, 1, 0, 2, 3, 5]
961.47,179.0,0.145,100,10,0.2,[4, 7, 6, 3, 1, 2, 5, 8, 0, 9]
976.96,182.0,0.239,100,10,0.3,[7, 6, 8, 9, 5, 3, 2, 4, 1, 0]
987.63,269.0,0.301,100,10,0.4,[2, 7, 6, 0, 4, 8, 1, 9, 5, 3]
987.7,211.0,0.386,100,10,0.5,[2, 4, 7, 6, 8, 0, 5, 1, 9, 3]
992.14,278.0,0.458,100,10,0.6,[2, 4, 7, 6, 3, 8, 9, 5, 1, 0]
990.38,210.0,0.495,100,10,0.7,[4, 7, 6, 0, 8, 5, 3, 1, 2, 9]
991.65,208.0,0.576,100,10,0.8,[7, 6, 0, 4, 3, 8, 9, 2, 1, 5]
992.6,211.0,0.641,100,10,0.9,[2, 4, 7, 6, 8, 3, 0, 5, 1, 9]
778.62,129.0,0.035,100,20,0.0,[2, 4, 0, 7, 3, 6, 1, 9, 5, 8]
734.61,138.0,0.027,100,20,0.1,[2, 6, 0, 1, 4, 7, 5, 3, 9, 8]
708.9,123.0,0.028,100,20,0.2,[6, 8, 1, 5, 3, 9, 7, 2, 0, 4]
647.66,112.0,0.025,100,20,0.3,[7, 6, 5, 9, 2, 3, 4, 0, 8, 1]
755.55,136.0,0.03,100,20,0.4,[7, 3, 8, 5, 1, 0, 9, 2, 4, 6]
823.36,157.0,0.036,100,20,0.5,[7, 6, 3, 8, 4, 2, 1, 0, 9, 5]
739.26,112.0,0.034,100,20,0.6,[7, 6, 5, 1, 0, 4, 9, 8, 2, 3]
718.91,96.0,0.037,100,20,0.7,[4, 0, 7, 9, 2, 8, 5, 6, 3, 1]
832.35,129.0,0.046,100,20,0.8,[7, 3, 6, 8, 0, 2, 9, 4, 1, 5]
918.48,188.0,0.065,100,20,0.9,[2, 7, 0, 4, 3, 8, 5, 6, 1, 9]
612.28,112.0,0.023,100,30,0.0,[7, 6, 5, 8, 9, 2, 0, 3, 1, 4]
450.16,63.0,0.029,100,30,0.1,[6, 1, 3, 8, 0, 4, 5, 7, 2, 9]
520.86,58.0,0.036,100,30,0.2,[0, 5, 2, 9, 8, 1, 7, 4, 3, 6]
-532.31,24.0,0.027,100,30,0.3,[5, 6, 7, 8, 9, 4, 1, 3, 2, 0]
427.71,79.0,0.022,100,30,0.4,[7, 2, 8, 4, 0, 6, 9, 3, 5, 1]
77.07,60.0,0.018,100,30,0.5,[8, 5, 2, 0, 3, 7, 4, 9, 6, 1]
248.84,60.0,0.022,100,30,0.6,[8, 5, 9, 6, 2, 4, 0, 3, 7, 1]
42.21,33.0,0.032,100,30,0.7,[3, 4, 0, 7, 8, 1, 6, 9, 5, 2]
755.03,126.0,0.032,100,30,0.8,[0, 6, 8, 2, 9, 4, 1, 7, 5, 3]
343.47,57.0,0.027,100,30,0.9,[3, 5, 7, 9, 0, 6, 1, 8, 4, 2]
656.68,101.0,0.029,100,40,0.0,[0, 3, 6, 4, 9, 7, 5, 2, 1, 8]
739.84,104.0,0.037,100,40,0.1,[0, 2, 8, 4, 9, 6, 3, 1, 5, 7]
520.32,60.0,0.035,100,40,0.2,[8, 6, 5, 4, 9, 7, 3, 2, 0, 1]
765.49,163.0,0.026,100,40,0.3,[2, 6, 3, 4, 0, 8, 1, 9, 5, 7]
-77.08,34.0,0.027,100,40,0.4,[9, 2, 8, 1, 7, 3, 0, 4, 6, 5]
140.19,40.0,0.029,100,40,0.5,[9, 0, 5, 7, 1, 2, 3, 8, 4, 6]
812.13,229.0,0.023,100,40,0.6,[2, 4, 7, 6, 8, 1, 0, 5, 3, 9]
257.36,60.0,0.022,100,40,0.7,[8, 5, 4, 6, 2, 3, 9, 0, 7, 1]
518.22,101.0,0.021,100,40,0.8,[7, 2, 9, 5, 4, 3, 0, 6, 8, 1]
-804.68,24.0,0.023,100,40,0.9,[5, 3, 2, 8, 7, 0, 4, 1, 6, 9]
-390.69,34.0,0.021,100,50,0.0,[9, 7, 5, 4, 1, 6, 2, 8, 0, 3]
471.35,80.0,0.024,100,50,0.1,[0, 6, 7, 5, 1, 4, 3, 8, 2, 9]
811.69,249.0,0.021,100,50,0.2,[7, 6, 0, 3, 8, 4, 9, 5, 2, 1]
548.23,81.0,0.027,100,50,0.3,[2, 4, 1, 7, 8, 3, 9, 5, 0, 6]
-993.11,18.0,0.028,100,50,0.4,[1, 8, 9, 3, 6, 7, 5, 0, 2, 4]
-1076.87,24.0,0.02,100,50,0.5,[5, 7, 1, 8, 6, 2, 0, 9, 3, 4]
-1210.21,24.0,0.019,100,50,0.6,[5, 3, 1, 7, 4, 9, 6, 0, 8, 2]
296.66,58.0,0.025,100,50,0.7,[0, 7, 5, 3, 2, 1, 9, 4, 6, 8]
219.78,67.0,0.019,100,50,0.8,[7, 2, 5, 4, 0, 1, 3, 9, 8, 6]
435.85,77.0,0.023,100,50,0.9,[7, 9, 4, 6, 8, 0, 3, 2, 5, 1]
-289.24,34.0,0.023,100,60,0.0,[9, 4, 8, 5, 0, 7, 1, 3, 6, 2]
-500.6,24.0,0.028,100,60,0.1,[5, 7, 9, 3, 4, 2, 8, 1, 6, 0]
202.34,42.0,0.03,100,60,0.2,[1, 5, 6, 2, 9, 0, 3, 8, 4, 7]
-47.2,34.0,0.028,100,60,0.3,[9, 2, 5, 0, 4, 6, 7, 1, 3, 8]
-388.03,24.0,0.03,100,60,0.4,[5, 2, 6, 4, 0, 9, 8, 1, 7, 3]
611.67,103.0,0.025,100,60,0.5,[6, 0, 5, 1, 4, 8, 9, 7, 2, 3]
467.77,70.0,0.027,100,60,0.6,[8, 9, 0, 3, 6, 7, 4, 1, 2, 5]
503.84,69.0,0.029,100,60,0.7,[6, 5, 0, 2, 1, 8, 9, 7, 4, 3]
555.56,79.0,0.029,100,60,0.8,[6, 4, 9, 2, 1, 7, 5, 3, 8, 0]
-537.87,24.0,0.027,100,60,0.9,[5, 4, 1, 9, 0, 7, 3, 8, 6, 2]
558.2,93.0,0.024,100,70,0.0,[3, 8, 2, 5, 9, 0, 4, 6, 7, 1]
-105.42,34.0,0.027,100,70,0.1,[9, 6, 1, 3, 4, 2, 5, 8, 7, 0]
550.99,87.0,0.026,100,70,0.2,[6, 4, 3, 0, 9, 8, 1, 5, 7, 2]
-593.35,24.0,0.026,100,70,0.3,[5, 9, 4, 3, 2, 0, 8, 7, 6, 1]
477.98,88.0,0.022,100,70,0.4,[4, 8, 2, 7, 0, 5, 9, 3, 6, 1]
-658.94,24.0,0.025,100,70,0.5,[5, 6, 1, 2, 7, 3, 4, 0, 8, 9]
754.53,142.0,0.029,100,70,0.6,[6, 3, 1, 9, 4, 5, 2, 7, 8, 0]
367.3,69.0,0.023,100,70,0.7,[2, 9, 0, 7, 5, 4, 6, 1, 8, 3]
394.04,68.0,0.024,100,70,0.8,[0, 9, 8, 6, 7, 4, 3, 2, 1, 5]
-782.81,33.0,0.017,100,70,0.9,[3, 7, 2, 4, 0, 1, 9, 8, 6, 5]
86.11,57.0,0.019,100,80,0.0,[3, 2, 5, 7, 6, 1, 0, 9, 4, 8]
736.93,146.0,0.026,100,80,0.1,[2, 7, 0, 9, 4, 8, 3, 5, 1, 6]
-1582,18.0,0.022,100,80,0.2,[1, 8, 6, 7, 4, 9, 3, 2, 0, 5]
-285.84,34.0,0.023,100,80,0.3,[9, 8, 5, 6, 2, 4, 3, 0, 1, 7]
-339.57,34.0,0.022,100,80,0.4,[9, 8, 2, 5, 1, 4, 6, 7, 3, 0]
378.75,58.0,0.028,100,80,0.5,[9, 5, 4, 8, 0, 1, 6, 2, 7, 3]
306.09,69.0,0.021,100,80,0.6,[6, 5, 0, 3, 9, 2, 4, 8, 1, 7]
305.36,57.0,0.025,100,80,0.7,[3, 4, 0, 5, 8, 1, 2, 7, 6, 9]
637.35,121.0,0.023,100,80,0.8,[6, 0, 2, 3, 9, 8, 5, 1, 7, 4]
252.25,67.0,0.02,100,80,0.9,[3, 9, 7, 1, 6, 0, 5, 4, 2, 8]
-528.25,24.0,0.027,100,90,0.0,[5, 4, 9, 0, 3, 1, 2, 6, 7, 8]
462.94,69.0,0.027,100,90,0.1,[8, 0, 1, 5, 4, 9, 3, 2, 7, 6]
164.13,50.0,0.024,100,90,0.2,[3, 7, 6, 9, 8, 4, 0, 1, 2, 5]
565.69,87.0,0.026,100,90,0.3,[0, 4, 2, 8, 7, 9, 1, 3, 5, 6]
-8.73,52.0,0.019,100,90,0.4,[4, 5, 7, 8, 1, 3, 6, 0, 2, 9]
398.65,85.0,0.02,100,90,0.5,[4, 3, 0, 6, 7, 2, 5, 1, 8, 9]
271.69,67.0,0.021,100,90,0.6,[3, 7, 0, 9, 6, 1, 5, 4, 8, 2]
517.16,69.0,0.03,100,90,0.7,[3, 0, 8, 2, 6, 7, 9, 5, 4, 1]
376.77,52.0,0.031,100,90,0.8,[0, 1, 3, 6, 7, 8, 9, 2, 4, 5]
415.25,68.0,0.025,100,90,0.9,[0, 7, 9, 6, 4, 3, 2, 8, 1, 5]
968.9,148.0,0.217,200,10,0.0,[7, 6, 2, 3, 8, 0, 4, 1, 5, 9]
980.65,217.0,0.238,200,10,0.1,[2, 7, 6, 8, 9, 5, 4, 3, 0, 1]
983.73,199.0,0.309,200,10,0.2,[2, 4, 6, 0, 3, 5, 9, 1, 7, 8]
990.5,252.0,0.418,200,10,0.3,[4, 7, 2, 6, 0, 3, 8, 9, 1, 5]
993.87,242.0,0.675,200,10,0.4,[2, 7, 6, 3, 8, 9, 1, 5, 0, 4]
994.58,209.0,0.884,200,10,0.5,[2, 4, 6, 0, 3, 9, 7, 8, 1, 5]
996.46,294.0,0.962,200,10,0.6,[2, 4, 7, 6, 0, 3, 1, 9, 5, 8]
996.44,269.0,1.046,200,10,0.7,[2, 7, 6, 0, 8, 1, 9, 5, 4, 3]
-26.03,176.0,0.218,100,10,0.0,[4, 6, 3, 8, 2, 9, 1, 0, 7, 5]
-21.02,278.0,0.171,100,10,0.1,[2, 4, 7, 6, 3, 8, 9, 5, 0, 1]
-26.53,221.0,0.171,100,10,0.2,[7, 2, 6, 3, 8, 1, 9, 4, 5, 0]
-19.32,224.0,0.231,100,10,0.3,[7, 6, 0, 2, 3, 8, 9, 5, 4, 1]
-11.39,234.0,0.376,100,10,0.4,[2, 4, 7, 0, 8, 9, 5, 3, 1, 6]
-11.35,217.0,0.407,100,10,0.5,[2, 7, 6, 4, 8, 9, 5, 1, 3, 0]
-7.57,278.0,0.475,100,10,0.6,[2, 4, 7, 6, 3, 8, 9, 5, 1, 0]
-6.71,278.0,0.536,100,10,0.7,[2, 4, 7, 6, 3, 8, 9, 5, 1, 0]
-7.45,218.0,0.616,100,10,0.8,[4, 7, 6, 0, 2, 3, 8, 5, 9, 1]
-7.12,218.0,0.645,100,10,0.9,[4, 7, 2, 6, 3, 8, 0, 1, 5, 9]
-373.23,97.0,0.028,100,20,0.0,[6, 1, 9, 2, 5, 3, 8, 0, 7, 4]
-316.36,108.0,0.029,100,20,0.1,[6, 3, 1, 7, 5, 2, 4, 9, 8, 0]
-246.21,131.0,0.031,100,20,0.2,[6, 0, 1, 9, 8, 2, 7, 5, 4, 3]
-246.91,162.0,0.025,100,20,0.3,[2, 7, 3, 0, 6, 8, 4, 1, 5, 9]
-419.68,69.0,0.035,100,20,0.4,[6, 5, 1, 3, 7, 2, 0, 4, 9, 8]
-275.95,108.0,0.034,100,20,0.5,[2, 7, 4, 1, 0, 8, 5, 3, 9, 6]
-183.75,137.0,0.04,100,20,0.6,[7, 4, 2, 6, 8, 9, 5, 0, 1, 3]
-151.16,179.0,0.037,100,20,0.7,[7, 6, 3, 4, 9, 5, 8, 0, 1, 2]
-162.75,113.0,0.054,100,20,0.8,[6, 0, 7, 9, 2, 1, 5, 4, 3, 8]
-162.1,151.0,0.041,100,20,0.9,[7, 0, 6, 3, 8, 4, 1, 9, 2, 5]
-1515.39,24.0,0.028,100,30,0.0,[5, 6, 7, 0, 1, 8, 3, 4, 2, 9]
-2424.12,18.0,0.023,100,30,0.1,[1, 6, 7, 9, 8, 5, 3, 0, 2, 4]
-1236.9,42.0,0.019,100,30,0.2,[1, 5, 8, 6, 4, 3, 9, 0, 7, 2]
-834.88,42.0,0.029,100,30,0.3,[1, 5, 7, 8, 3, 6, 0, 4, 2, 9]
-600.92,70.0,0.024,100,30,0.4,[8, 9, 7, 5, 3, 0, 1, 4, 2, 6]
-897.64,54.0,0.021,100,30,0.5,[8, 1, 4, 6, 7, 0, 5, 3, 9, 2]
-340.45,113.0,0.026,100,30,0.6,[6, 0, 7, 9, 2, 5, 3, 1, 8, 4]
-409.14,103.0,0.024,100,30,0.7,[6, 0, 7, 5, 9, 4, 3, 8, 2, 1]
-404.16,88.0,0.028,100,30,0.8,[4, 8, 3, 0, 5, 9, 6, 7, 2, 1]
-771.26,45.0,0.029,100,30,0.9,[8, 0, 1, 4, 3, 6, 2, 7, 9, 5]
-2081.82,18.0,0.027,100,40,0.0,[1, 2, 4, 9, 0, 8, 6, 5, 7, 3]
-353.71,86.0,0.033,100,40,0.1,[4, 9, 5, 6, 7, 3, 8, 2, 0, 1]
-567.19,67.0,0.026,100,40,0.2,[3, 9, 0, 1, 8, 2, 4, 5, 6, 7]
-297.89,128.0,0.026,100,40,0.3,[2, 7, 9, 1, 5, 3, 4, 0, 8, 6]
-316.97,126.0,0.025,100,40,0.4,[4, 6, 8, 7, 0, 9, 1, 5, 2, 3]
-279.15,137.0,0.026,100,40,0.5,[0, 3, 8, 9, 6, 2, 5, 1, 4, 7]
-675.35,58.0,0.026,100,40,0.6,[0, 7, 5, 1, 9, 3, 4, 8, 2, 6]
-1864.74,24.0,0.022,100,40,0.7,[5, 9, 2, 4, 3, 8, 7, 6, 1, 0]
-787.88,61.0,0.021,100,40,0.8,[7, 1, 6, 9, 4, 8, 2, 0, 3, 5]
-439.13,111.0,0.021,100,40,0.9,[7, 0, 9, 8, 6, 5, 3, 2, 1, 4]
-1736.04,24.0,0.024,100,50,0.0,[5, 3, 6, 7, 0, 8, 1, 2, 9, 4]
-554.89,69.0,0.026,100,50,0.1,[2, 9, 6, 4, 5, 1, 0, 8, 3, 7]
-400.22,112.0,0.022,100,50,0.2,[6, 3, 9, 0, 2, 8, 7, 5, 1, 4]
-1053.84,46.0,0.021,100,50,0.3,[4, 2, 1, 0, 8, 7, 3, 6, 9, 5]
-815.76,52.0,0.024,100,50,0.4,[4, 5, 1, 9, 8, 2, 3, 6, 0, 7]
-1542.59,24.0,0.027,100,50,0.5,[5, 8, 2, 4, 6, 1, 0, 9, 7, 3]
-920.93,33.0,0.033,100,50,0.6,[3, 7, 4, 8, 6, 1, 0, 5, 9, 2]
-326.24,107.0,0.029,100,50,0.7,[3, 0, 8, 9, 1, 7, 6, 5, 2, 4]
9976.36,186.0,0.227,100,10,0.0,[4, 7, 6, 8, 9, 2, 3, 5, 0, 1]
9974.91,270.0,0.148,100,10,0.1,[2, 4, 7, 6, 3, 8, 9, 1, 5, 0]
9951.14,154.0,0.133,100,10,0.2,[2, 7, 1, 9, 5, 6, 8, 4, 0, 3]
9980.33,216.0,0.235,100,10,0.3,[2, 4, 7, 0, 8, 9, 6, 5, 3, 1]
9984.79,205.0,0.321,100,10,0.4,[2, 6, 0, 3, 4, 7, 8, 9, 5, 1]
9989.11,234.0,0.392,100,10,0.5,[2, 7, 6, 3, 8, 1, 5, 4, 9, 0]
9989.66,209.0,0.463,100,10,0.6,[2, 4, 7, 6, 9, 5, 1, 3, 8, 0]
9992.93,273.0,0.518,100,10,0.7,[2, 4, 7, 6, 0, 8, 1, 9, 3, 5]
9993.5,260.0,0.592,100,10,0.8,[2, 4, 7, 6, 3, 1, 9, 5, 8, 0]
9993.87,245.0,0.665,100,10,0.9,[2, 4, 7, 6, 8, 9, 5, 3, 1, 0]
9590.8,113.0,0.022,100,20,0.0,[6, 0, 9, 3, 4, 1, 2, 8, 5, 7]
9771.39,157.0,0.028,100,20,0.1,[2, 0, 4, 7, 8, 1, 9, 3, 6, 5]
9602.95,96.0,0.026,100,20,0.2,[2, 7, 1, 6, 3, 5, 0, 4, 8, 9]
9744.71,127.0,0.031,100,20,0.3,[2, 0, 9, 5, 1, 7, 6, 8, 4, 3]
9737.39,113.0,0.034,100,20,0.4,[6, 2, 3, 8, 0, 5, 1, 9, 7, 4]
9726.98,100.0,0.037,100,20,0.5,[7, 3, 5, 4, 8, 2, 1, 9, 6, 0]
9777.21,134.0,0.033,100,20,0.6,[2, 4, 3, 0, 6, 9, 1, 8, 7, 5]
9864.85,190.0,0.039,100,20,0.7,[2, 7, 6, 3, 9, 4, 8, 1, 5, 0]
9882.61,136.0,0.063,100,20,0.8,[6, 0, 3, 5, 4, 7, 9, 8, 2, 1]
9927.52,146.0,0.095,100,20,0.9,[4, 7, 2, 3, 0, 6, 1, 5, 9, 8]
9660.99,94.0,0.031,100,30,0.0,[8, 9, 5, 6, 0, 4, 1, 7, 3, 2]
9749.05,101.0,0.039,100,30,0.1,[7, 9, 5, 1, 6, 4, 8, 3, 2, 0]
9474.74,69.0,0.028,100,30,0.2,[6, 5, 1, 0, 3, 4, 7, 9, 8, 2]
8602.96,24.0,0.03,100,30,0.3,[5, 3, 9, 6, 7, 4, 2, 0, 8, 1]
9703.36,121.0,0.028,100,30,0.4,[3, 8, 1, 9, 4, 0, 6, 5, 2, 7]
9421.19,66.0,0.026,100,30,0.5,[8, 1, 2, 5, 6, 3, 0, 9, 4, 7]
9538.11,69.0,0.031,100,30,0.6,[2, 9, 8, 4, 6, 3, 7, 1, 5, 0]
8464.03,30.0,0.022,100,30,0.7,[1, 7, 5, 4, 8, 0, 2, 9, 6, 3]
9457.07,85.0,0.022,100,30,0.8,[7, 1, 4, 5, 6, 2, 8, 0, 9, 3]
9096.25,37.0,0.03,100,30,0.9,[3, 2, 7, 4, 1, 9, 0, 6, 8, 5]
9729.92,158.0,0.023,100,40,0.0,[2, 7, 0, 6, 5, 3, 1, 4, 9, 8]
8529.68,24.0,0.028,100,40,0.1,[5, 6, 8, 1, 4, 7, 0, 2, 9, 3]
9495.94,68.0,0.029,100,40,0.2,[0, 9, 2, 8, 6, 4, 1, 5, 3, 7]
9637.79,100.0,0.028,100,40,0.3,[7, 2, 3, 6, 4, 5, 8, 1, 0, 9]
8076.87,18.0,0.029,100,40,0.4,[1, 6, 7, 4, 3, 2, 9, 8, 5, 0]
9418.34,69.0,0.025,100,40,0.5,[2, 9, 6, 4, 8, 3, 5, 1, 0, 7]
9584.49,78.0,0.031,100,40,0.6,[8, 4, 1, 5, 6, 9, 3, 2, 7, 0]
9341.88,69.0,0.022,100,40,0.7,[6, 5, 4, 9, 7, 8, 1, 3, 0, 2]
8141.73,24.0,0.022,100,40,0.8,[5, 1, 2, 8, 0, 6, 7, 9, 4, 3]
9153.72,53.0,0.022,100,40,0.9,[8, 3, 9, 1, 7, 0, 4, 5, 2, 6]
9310.87,69.0,0.021,100,50,0.0,[2, 9, 7, 1, 0, 8, 3, 4, 5, 6]
9650.51,131.0,0.022,100,50,0.1,[4, 6, 9, 5, 8, 2, 7, 0, 1, 3]
9630.36,108.0,0.025,100,50,0.2,[4, 6, 2, 0, 1, 8, 3, 7, 5, 9]
9624.32,109.0,0.024,100,50,0.3,[2, 0, 4, 3, 6, 5, 9, 8, 1, 7]
9096.82,40.0,0.028,100,50,0.4,[8, 7, 4, 1, 6, 5, 0, 9, 3, 2]
9228.46,58.0,0.022,100,50,0.5,[0, 5, 2, 3, 4, 7, 1, 8, 6, 9]
9144.68,58.0,0.02,100,50,0.6,[9, 5, 6, 0, 1, 3, 7, 2, 4, 8]
9316.49,67.0,0.022,100,50,0.7,[3, 6, 9, 7, 4, 8, 2, 1, 5, 0]
9381.52,53.0,0.031,100,50,0.8,[2, 1, 3, 7, 5, 0, 8, 9, 4, 6]
9507.6,70.0,0.029,100,50,0.9,[8, 4, 9, 0, 1, 6, 2, 7, 3, 5]
8507.43,24.0,0.028,100,60,0.0,[1, 4, 7, 5, 6, 9, 3, 8, 0, 2]
9487.07,67.0,0.029,100,60,0.1,[3, 9, 8, 1, 6, 5, 2, 0, 4, 7]
9438.81,58.0,0.031,100,60,0.2,[9, 5, 2, 1, 0, 7, 3, 4, 6, 8]
8945.03,42.0,0.023,100,60,0.3,[1, 4, 5, 3, 6, 2, 9, 8, 0, 7]
9353.01,76.0,0.02,100,60,0.4,[0, 1, 5, 8, 6, 4, 7, 3, 9, 2]
9156.84,51.0,0.023,100,60,0.5,[3, 4, 1, 2, 0, 7, 8, 5, 6, 9]
9532.36,69.0,0.031,100,60,0.6,[2, 9, 0, 4, 8, 1, 3, 6, 7, 5]
8113.1,18.0,0.029,100,60,0.7,[1, 8, 7, 4, 2, 6, 5, 9, 3, 0]
9075.13,34.0,0.032,100,60,0.8,[9, 6, 7, 8, 4, 0, 2, 1, 5, 3]
9524.67,69.0,0.03,100,60,0.9,[2, 9, 8, 3, 4, 6, 7, 0, 5, 1]
9112.43,38.0,0.03,100,70,0.0,[9, 1, 7, 5, 4, 8, 6, 0, 3, 2]
8942.5,40.0,0.024,100,70,0.1,[9, 0, 5, 3, 6, 2, 1, 7, 4, 8]
9230.95,60.0,0.022,100,70,0.2,[8, 5, 6, 3, 2, 1, 7, 9, 4, 0]
9572.43,89.0,0.026,100,70,0.3,[4, 7, 1, 0, 2, 3, 8, 9, 5, 6]
8109.75,24.0,0.022,100,70,0.4,[5, 9, 8, 1, 3, 0, 6, 4, 7, 2]
9047.8,34.0,0.031,100,70,0.5,[9, 0, 7, 8, 5, 6, 2, 1, 4, 3]
9070.66,34.0,0.032,100,70,0.6,[9, 7, 8, 1, 5, 0, 3, 6, 2, 4]
8635.45,30.0,0.024,100,70,0.7,[1, 3, 5, 6, 7, 4, 8, 2, 9, 0]
9501.07,69.0,0.029,100,70,0.8,[6, 7, 5, 9, 3, 0, 2, 4, 1, 8]
8072.85,24.0,0.022,100,70,0.9,[5, 1, 4, 6, 8, 7, 0, 9, 3, 2]
9233.04,60.0,0.022,100,80,0.0,[8, 7, 0, 5, 3, 1, 9, 6, 2, 4]
8836.48,36.0,0.024,100,80,0.1,[8, 0, 7, 3, 4, 5, 6, 2, 9, 1]
9382.88,80.0,0.02,100,80,0.2,[6, 1, 4, 9, 3, 0, 5, 7, 2, 8]
9637.41,101.0,0.027,100,80,0.3,[7, 9, 5, 2, 0, 4, 6, 8, 3, 1]
8666.6,18.0,0.042,100,80,0.4,[1, 2, 4, 8, 5, 0, 6, 3, 9, 7]
8959.76,36.0,0.027,100,80,0.5,[8, 4, 3, 6, 9, 2, 0, 1, 7, 5]
9616,97.0,0.027,100,80,0.6,[0, 3, 1, 2, 4, 5, 8, 6, 7, 9]
9683.39,155.0,0.02,100,80,0.7,[7, 4, 0, 8, 1, 6, 5, 3, 2, 9]
9456.25,93.0,0.02,100,80,0.8,[3, 8, 5, 1, 6, 4, 9, 0, 7, 2]
6872.72,18.0,0.018,100,80,0.9,[1, 3, 2, 4, 8, 5, 6, 7, 0, 9]
9286.4,58.0,0.024,100,90,0.0,[0, 1, 7, 4, 5, 6, 8, 2, 3, 9]
9589.81,119.0,0.02,100,90,0.1,[4, 3, 9, 5, 1, 2, 0, 8, 7, 6]
9143.26,40.0,0.029,100,90,0.2,[9, 6, 5, 8, 3, 1, 7, 4, 0, 2]
9592.75,67.0,0.037,100,90,0.3,[7, 4, 5, 2, 6, 9, 1, 8, 0, 3]
7973.36,18.0,0.027,100,90,0.4,[1, 4, 2, 0, 7, 9, 8, 6, 5, 3]
9813.84,134.0,0.04,100,90,0.5,[4, 7, 6, 1, 0, 9, 5, 8, 3, 2]
9760,142.0,0.029,100,90,0.6,[2, 3, 8, 7, 9, 1, 6, 0, 5, 4]
9798.67,146.0,0.034,100,90,0.7,[0, 2, 8, 1, 9, 5, 4, 6, 3, 7]
9366.18,59.0,0.027,100,90,0.8,[2, 5, 4, 9, 8, 0, 6, 7, 3, 1]
9646.98,95.0,0.03,100,90,0.9,[4, 7, 5, 0, 3, 6, 9, 1, 2, 8]
9955.97,137.0,0.166,200,10,0.0,[6, 0, 7, 2, 9, 5, 8, 4, 3, 1]
9978.48,225.0,0.207,200,10,0.1,[4, 7, 6, 3, 8, 9, 0, 5, 2, 1]
9977.76,180.0,0.25,200,10,0.2,[2, 7, 6, 3, 5, 4, 1, 0, 9, 8]
9926.23,89.0,0.152,100,200,0.95,[2, 8, 1, 0, 3, 9, 4, 7, 6, 5]
9436.89,18.0,0.099,100,200,0.95,[1, 4, 7, 2, 3, 9, 0, 6, 5, 8]
9880.82,64.0,0.131,100,200,0.95,[4, 8, 2, 7, 3, 5, 6, 0, 1, 9]
9917.31,108.0,0.112,100,200,0.95,[6, 3, 1, 7, 5, 0, 9, 2, 4, 8]
9915.71,105.0,0.113,100,200,0.95,[6, 8, 5, 9, 0, 2, 7, 4, 1, 3]
9560.6,24.0,0.095,100,200,0.95,[5, 7, 3, 8, 2, 6, 9, 4, 1, 0]
9602.15,24.0,0.105,100,200,0.95,[5, 4, 8, 0, 7, 3, 6, 9, 2, 1]
9923.89,115.0,0.114,100,200,0.95,[3, 8, 9, 4, 5, 1, 7, 2, 6, 0]
9890.15,94.0,0.097,100,200,0.95,[8, 9, 5, 7, 2, 6, 3, 0, 4, 1]
9461.93,18.0,0.103,100,200,0.95,[1, 2, 3, 6, 5, 8, 4, 7, 9, 0]
9568.76,24.0,0.097,100,200,0.95,[5, 9, 7, 3, 6, 4, 2, 0, 1, 8]
9837.49,57.0,0.108,100,200,0.95,[3, 5, 2, 6, 4, 8, 1, 0, 9, 7]
9728.23,34.0,0.108,100,200,0.95,[9, 2, 5, 7, 4, 0, 1, 3, 8, 6]
9720.77,34.0,0.105,100,200,0.95,[9, 7, 0, 4, 1, 5, 8, 2, 6, 3]
9852.19,68.0,0.099,100,200,0.95,[0, 9, 4, 7, 2, 8, 6, 3, 1, 5]
9536.49,18.0,0.12,100,200,0.95,[1, 6, 3, 2, 7, 0, 4, 8, 5, 9]
9717.63,34.0,0.104,100,200,0.95,[9, 3, 8, 0, 5, 7, 1, 2, 4, 6]
9401.95,18.0,0.093,100,200,0.95,[1, 2, 3, 7, 4, 0, 6, 8, 5, 9]
9577.36,24.0,0.099,100,200,0.95,[5, 6, 2, 9, 8, 0, 7, 4, 3, 1]
9906.67,97.0,0.11,100,200,0.95,[0, 3, 6, 1, 2, 5, 4, 9, 8, 7]
9886.35,97.0,0.091,100,200,0.95,[6, 4, 1, 9, 0, 2, 7, 3, 8, 5]
9870.66,89.0,0.087,100,200,0.95,[7, 4, 6, 2, 3, 0, 8, 5, 9, 1]
9844.23,62.0,0.104,100,200,0.95,[4, 9, 7, 8, 5, 0, 3, 2, 1, 6]
9934.05,131.0,0.116,100,200,0.95,[4, 6, 9, 5, 3, 0, 1, 8, 7, 2]
9884.56,67.0,0.129,100,200,0.95,[3, 0, 2, 7, 9, 4, 6, 1, 5, 8]
9720.99,34.0,0.105,100,200,0.95,[9, 3, 2, 1, 8, 4, 5, 0, 6, 7]
9797.8,57.0,0.087,100,200,0.95,[3, 5, 6, 8, 9, 0, 7, 2, 1, 4]
9673.7,24.0,0.128,100,200,0.95,[5, 9, 6, 8, 2, 1, 0, 7, 3, 4]
9845.08,60.0,0.108,100,200,0.95,[8, 5, 4, 3, 0, 9, 2, 6, 7, 1]
9824.42,42.0,0.136,100,200,0.95,[1, 5, 6, 3, 8, 0, 9, 7, 2, 4]
9907.45,97.0,0.111,100,200,0.95,[4, 2, 3, 8, 7, 6, 9, 5, 0, 1]
9854.91,60.0,0.115,100,200,0.95,[8, 5, 2, 0, 1, 4, 9, 6, 3, 7]
9904.42,128.0,0.082,100,200,0.95,[0, 8, 4, 9, 5, 6, 3, 7, 2, 1]
9276.07,18.0,0.077,100,200,0.95,[1, 6, 2, 9, 3, 0, 4, 8, 5, 7]
9832.32,68.0,0.088,100,200,0.95,[0, 9, 7, 5, 4, 6, 8, 3, 2, 1]
9842.69,69.0,0.092,100,200,0.95,[6, 5, 2, 1, 9, 0, 3, 8, 7, 4]
9587.86,30.0,0.081,100,200,0.95,[1, 3, 5, 7, 9, 6, 4, 0, 8, 2]
9904.21,107.0,0.098,100,200,0.95,[6, 3, 0, 4, 7, 8, 9, 5, 2, 1]
9796.17,52.0,0.094,100,200,0.95,[4, 5, 1, 2, 3, 0, 8, 6, 9, 7]
9833.72,67.0,0.09,100,200,0.95,[7, 4, 5, 2, 6, 1, 0, 9, 8, 3]
